destination_country,citizenship,year,count
Argentina,Afghanistan,2019,1
Argentina,Afghanistan,2020,1
Argentina,Antigua and Barbuda,2018,2
Argentina,Argentina,2007,24
Argentina,Argentina,2008,20
Argentina,Argentina,2009,30
Argentina,Argentina,2010,17
Argentina,Argentina,2011,23
Argentina,Argentina,2012,16
Argentina,Argentina,2013,33
Argentina,Argentina,2014,51
Argentina,Argentina,2015,77
Argentina,Argentina,2016,205
Argentina,Argentina,2017,297
Argentina,Argentina,2018,381
Argentina,Argentina,2019,701
Argentina,Argentina,2020,942
Argentina,Argentina,2021,483
Argentina,Argentina,2022,82
Argentina,Argentina,2023,95
Argentina,Argentina,2024,195
Argentina,Argentina,2025,154
Argentina,Armenia,2020,1
Argentina,Armenia,2021,3
Argentina,Australia,2019,1
Argentina,Austria,2018,1
Argentina,Austria,2024,1
Argentina,Austria,2025,1
Argentina,Belgium,2019,1
Argentina,Belgium,2022,1
Argentina,Belgium,2024,1
Argentina,Brazil,2007,1
Argentina,Brazil,2009,1
Argentina,Brazil,2017,1
Argentina,Brazil,2018,1
Argentina,Brazil,2022,1
Argentina,Bulgaria,2015,1
Argentina,Bulgaria,2025,1
Argentina,Canada,2009,1
Argentina,Canada,2011,1
Argentina,Chile,2018,2
Argentina,Chile,2019,2
Argentina,Chile,2020,1
Argentina,Chile,2021,3
Argentina,Chile,2022,1
Argentina,Colombia,2012,1
Argentina,Colombia,2016,1
Argentina,Croatia,2019,1
Argentina,Croatia,2020,1
Argentina,Croatia,2022,1
Argentina,Croatia,2024,2
Argentina,Czech Republic,2017,1
Argentina,Denmark,2007,44
Argentina,Denmark,2008,49
Argentina,Denmark,2009,39
Argentina,Denmark,2010,45
Argentina,Denmark,2011,65
Argentina,Denmark,2012,59
Argentina,Denmark,2013,70
Argentina,Denmark,2014,39
Argentina,Denmark,2015,31
Argentina,Denmark,2016,39
Argentina,Denmark,2017,41
Argentina,Denmark,2018,40
Argentina,Denmark,2019,26
Argentina,Denmark,2020,17
Argentina,Denmark,2021,15
Argentina,Denmark,2022,22
Argentina,Denmark,2023,19
Argentina,Denmark,2024,22
Argentina,Denmark,2025,14
Argentina,Finland,2013,1
Argentina,France,2010,1
Argentina,France,2017,2
Argentina,France,2019,3
Argentina,France,2020,1
Argentina,France,2021,2
Argentina,France,2023,2
Argentina,France,2024,6
Argentina,France,2025,5
Argentina,Germany,2013,1
Argentina,Germany,2015,2
Argentina,Germany,2016,1
Argentina,Germany,2017,2
Argentina,Germany,2018,1
Argentina,Germany,2019,4
Argentina,Germany,2020,2
Argentina,Germany,2021,2
Argentina,Germany,2022,4
Argentina,Germany,2023,3
Argentina,Germany,2024,4
Argentina,Germany,2025,3
Argentina,Greece,2017,1
Argentina,Greece,2023,1
Argentina,Greece,2025,2
Argentina,Hungary,2014,1
Argentina,Hungary,2023,1
Argentina,Ireland,2022,1
Argentina,Ireland,2025,1
Argentina,Israel,2020,1
Argentina,Israel,2023,3
Argentina,Italy,2007,1
Argentina,Italy,2008,5
Argentina,Italy,2009,2
Argentina,Italy,2010,4
Argentina,Italy,2011,4
Argentina,Italy,2012,2
Argentina,Italy,2013,5
Argentina,Italy,2014,7
Argentina,Italy,2015,8
Argentina,Italy,2016,7
Argentina,Italy,2017,11
Argentina,Italy,2018,22
Argentina,Italy,2019,64
Argentina,Italy,2020,59
Argentina,Italy,2021,109
Argentina,Italy,2022,271
Argentina,Italy,2023,226
Argentina,Italy,2024,229
Argentina,Italy,2025,223
Argentina,Lithuania,2023,3
Argentina,Lithuania,2024,1
Argentina,Luxembourg,2024,1
Argentina,Malaysia,2013,1
Argentina,Mexico,2023,1
Argentina,Mexico,2025,1
Argentina,Netherlands,2010,1
Argentina,Netherlands,2011,1
Argentina,Netherlands,2019,1
Argentina,Netherlands,2020,1
Argentina,Netherlands,2021,2
Argentina,Norway,2013,1
Argentina,Norway,2018,1
Argentina,Norway,2019,2
Argentina,Not stated,2019,3
Argentina,Not stated,2020,1
Argentina,Not stated,2021,2
Argentina,Paraguay,2023,4
Argentina,Poland,2011,2
Argentina,Poland,2016,1
Argentina,Poland,2018,1
Argentina,Poland,2019,2
Argentina,Poland,2022,5
Argentina,Poland,2024,3
Argentina,Poland,2025,6
Argentina,Portugal,2018,1
Argentina,Portugal,2020,1
Argentina,Portugal,2021,1
Argentina,Portugal,2022,2
Argentina,Portugal,2024,4
Argentina,Portugal,2025,3
Argentina,Russia,2020,1
Argentina,Slovenia,2018,1
Argentina,Slovenia,2019,1
Argentina,Spain,2009,1
Argentina,Spain,2011,1
Argentina,Spain,2012,1
Argentina,Spain,2013,1
Argentina,Spain,2014,6
Argentina,Spain,2016,6
Argentina,Spain,2017,7
Argentina,Spain,2018,13
Argentina,Spain,2019,12
Argentina,Spain,2020,14
Argentina,Spain,2021,26
Argentina,Spain,2022,33
Argentina,Spain,2023,34
Argentina,Spain,2024,41
Argentina,Spain,2025,34
Argentina,Sweden,2012,1
Argentina,Sweden,2020,1
Argentina,Sweden,2022,1
Argentina,Sweden,2024,1
Argentina,Switzerland,2016,1
Argentina,Switzerland,2018,1
Argentina,Switzerland,2019,2
Argentina,Switzerland,2020,2
Argentina,Switzerland,2021,1
Argentina,Switzerland,2022,2
Argentina,Switzerland,2024,1
Argentina,Switzerland,2025,3
Argentina,USA,2007,3
Argentina,USA,2012,1
Argentina,USA,2014,1
Argentina,USA,2017,1
Argentina,USA,2025,1
Argentina,Ukraine,2013,1
Argentina,Ukraine,2019,1
Argentina,United Kingdom,2009,1
Argentina,United Kingdom,2019,2
Argentina,United Kingdom,2022,1
Argentina,United Kingdom,2023,1
Argentina,Uruguay,2013,2
Argentina,Uruguay,2014,1
Argentina,Venezuela,2010,1
Argentina,Venezuela,2024,1
Nepal,Bangladesh,2023,1
Nepal,Bhutan,2008,3
Nepal,Bulgaria,2023,1
Nepal,Canada,2013,1
Nepal,China,2021,1
Nepal,Denmark,2007,20
Nepal,Denmark,2008,10
Nepal,Denmark,2009,20
Nepal,Denmark,2010,15
Nepal,Denmark,2011,19
Nepal,Denmark,2012,24
Nepal,Denmark,2013,15
Nepal,Denmark,2014,15
Nepal,Denmark,2015,10
Nepal,Denmark,2016,15
Nepal,Denmark,2017,14
Nepal,Denmark,2018,10
Nepal,Denmark,2019,8
Nepal,Denmark,2020,4
Nepal,Denmark,2021,4
Nepal,Denmark,2022,3
Nepal,Denmark,2023,4
Nepal,Denmark,2024,3
Nepal,Denmark,2025,9
Nepal,Germany,2015,1
Nepal,Germany,2016,1
Nepal,Germany,2018,1
Nepal,Germany,2019,1
Nepal,Greece,2020,1
Nepal,Iceland,2016,1
Nepal,Italy,2018,1
Nepal,Italy,2019,1
Nepal,Italy,2020,3
Nepal,Italy,2023,1
Nepal,Japan,2013,1
Nepal,Japan,2014,1
Nepal,Japan,2015,3
Nepal,Latvia,2012,1
Nepal,Latvia,2013,1
Nepal,Lithuania,2019,1
Nepal,Nepal,2007,11
Nepal,Nepal,2008,80
Nepal,Nepal,2009,67
Nepal,Nepal,2010,88
Nepal,Nepal,2011,91
Nepal,Nepal,2012,94
Nepal,Nepal,2013,128
Nepal,Nepal,2014,137
Nepal,Nepal,2015,184
Nepal,Nepal,2016,318
Nepal,Nepal,2017,365
Nepal,Nepal,2018,415
Nepal,Nepal,2019,291
Nepal,Nepal,2020,235
Nepal,Nepal,2021,215
Nepal,Nepal,2022,184
Nepal,Nepal,2023,167
Nepal,Nepal,2024,142
Nepal,Nepal,2025,263
Nepal,Netherlands,2012,1
Nepal,Netherlands,2015,1
Nepal,Netherlands,2016,1
Nepal,Norway,2008,1
Nepal,Norway,2023,1
Nepal,Philippines,2013,1
Nepal,Poland,2016,1
Nepal,Portugal,2012,1
Nepal,Portugal,2016,1
Nepal,Portugal,2017,1
Nepal,Portugal,2018,3
Nepal,Portugal,2019,2
Nepal,Portugal,2020,7
Nepal,Portugal,2021,3
Nepal,Portugal,2022,4
Nepal,Portugal,2023,12
Nepal,Portugal,2024,17
Nepal,Portugal,2025,8
Nepal,Romania,2023,1
Nepal,Spain,2016,1
Nepal,Sri Lanka,2025,1
Nepal,Stateless,2020,1
Nepal,Thailand,2016,1
Nepal,USA,2013,1
Nepal,USA,2017,1
Nepal,USA,2022,1
Nepal,USA,2024,1
Nepal,United Kingdom,2009,1
Nepal,United Kingdom,2020,1
Nepal,Vietnam,2022,1
USA,Afghanistan,2007,4
USA,Afghanistan,2010,1
USA,Afghanistan,2011,2
USA,Afghanistan,2012,2
USA,Afghanistan,2013,1
USA,Afghanistan,2016,1
USA,Afghanistan,2017,2
USA,Afghanistan,2019,7
USA,Afghanistan,2020,1
USA,Afghanistan,2021,1
USA,Afghanistan,2022,157
USA,Afghanistan,2023,18
USA,Afghanistan,2024,10
USA,Afghanistan,2025,9
USA,Albania,2008,1
USA,Albania,2010,1
USA,Albania,2011,2
USA,Albania,2014,1
USA,Albania,2017,1
USA,Albania,2018,3
USA,Angola,2015,2
USA,Argentina,2007,2
USA,Argentina,2013,1
USA,Argentina,2014,2
USA,Argentina,2015,3
USA,Argentina,2017,6
USA,Argentina,2019,6
USA,Argentina,2021,1
USA,Argentina,2022,1
USA,Argentina,2023,4
USA,Argentina,2024,6
USA,Argentina,2025,1
USA,Armenia,2008,1
USA,Armenia,2014,1
USA,Armenia,2019,1
USA,Armenia,2022,1
USA,Armenia,2023,1
USA,Armenia,2025,3
USA,Australia,2008,1
USA,Australia,2009,5
USA,Australia,2010,4
USA,Australia,2011,3
USA,Australia,2012,4
USA,Australia,2013,6
USA,Australia,2014,2
USA,Australia,2015,3
USA,Australia,2016,10
USA,Australia,2017,8
USA,Australia,2018,9
USA,Australia,2019,6
USA,Australia,2020,1
USA,Australia,2021,3
USA,Australia,2022,5
USA,Australia,2023,3
USA,Australia,2024,7
USA,Australia,2025,7
USA,Austria,2007,1
USA,Austria,2008,4
USA,Austria,2009,1
USA,Austria,2010,3
USA,Austria,2011,2
USA,Austria,2012,1
USA,Austria,2013,3
USA,Austria,2014,1
USA,Austria,2015,2
USA,Austria,2016,9
USA,Austria,2017,3
USA,Austria,2018,2
USA,Austria,2019,5
USA,Austria,2020,1
USA,Austria,2021,1
USA,Austria,2022,4
USA,Austria,2023,5
USA,Austria,2024,4
USA,Austria,2025,13
USA,Azerbaijan,2008,1
USA,Azerbaijan,2011,3
USA,Azerbaijan,2024,1
USA,Bahamas,2012,1
USA,Bahamas,2013,1
USA,Bahamas,2023,1
USA,Bahrain,2016,1
USA,Bangladesh,2007,2
USA,Bangladesh,2008,2
USA,Bangladesh,2009,2
USA,Bangladesh,2010,1
USA,Bangladesh,2011,1
USA,Bangladesh,2012,3
USA,Bangladesh,2013,3
USA,Bangladesh,2014,3
USA,Bangladesh,2017,7
USA,Bangladesh,2019,8
USA,Bangladesh,2020,4
USA,Bangladesh,2022,1
USA,Bangladesh,2023,5
USA,Bangladesh,2024,9
USA,Bangladesh,2025,6
USA,Barbados,2018,1
USA,Barbados,2023,1
USA,Belarus,2014,1
USA,Belarus,2016,1
USA,Belarus,2018,1
USA,Belarus,2019,2
USA,Belarus,2022,1
USA,Belarus,2024,4
USA,Belgium,2008,1
USA,Belgium,2009,9
USA,Belgium,2010,4
USA,Belgium,2012,3
USA,Belgium,2013,3
USA,Belgium,2014,6
USA,Belgium,2015,5
USA,Belgium,2016,3
USA,Belgium,2017,5
USA,Belgium,2018,1
USA,Belgium,2019,2
USA,Belgium,2020,4
USA,Belgium,2021,6
USA,Belgium,2022,3
USA,Belgium,2023,1
USA,Belgium,2024,2
USA,Belgium,2025,1
USA,Benin,2017,3
USA,Benin,2025,1
USA,Bhutan,2011,1
USA,Bhutan,2012,1
USA,Bhutan,2017,1
USA,Bhutan,2018,1
USA,Bhutan,2019,1
USA,Bolivia,2012,1
USA,Bolivia,2023,1
USA,Bosnia and Herzegovina,2015,2
USA,Bosnia and Herzegovina,2017,1
USA,Bosnia and Herzegovina,2018,1
USA,Bosnia and Herzegovina,2021,1
USA,Bosnia and Herzegovina,2023,1
USA,Botswana,2011,1
USA,Botswana,2012,1
USA,Brazil,2007,5
USA,Brazil,2008,2
USA,Brazil,2009,1
USA,Brazil,2010,5
USA,Brazil,2011,8
USA,Brazil,2012,2
USA,Brazil,2013,3
USA,Brazil,2014,10
USA,Brazil,2015,9
USA,Brazil,2016,8
USA,Brazil,2017,8
USA,Brazil,2018,5
USA,Brazil,2019,5
USA,Brazil,2020,7
USA,Brazil,2021,8
USA,Brazil,2022,19
USA,Brazil,2023,10
USA,Brazil,2024,24
USA,Brazil,2025,9
USA,Bulgaria,2008,1
USA,Bulgaria,2011,2
USA,Bulgaria,2012,5
USA,Bulgaria,2013,5
USA,Bulgaria,2014,6
USA,Bulgaria,2015,2
USA,Bulgaria,2016,5
USA,Bulgaria,2017,7
USA,Bulgaria,2018,2
USA,Bulgaria,2019,3
USA,Bulgaria,2020,3
USA,Bulgaria,2022,3
USA,Bulgaria,2023,1
USA,Bulgaria,2024,1
USA,Bulgaria,2025,5
USA,Burundi,2019,1
USA,Cambodia,2008,1
USA,Cameroon,2009,1
USA,Cameroon,2011,3
USA,Cameroon,2012,1
USA,Cameroon,2013,3
USA,Cameroon,2015,3
USA,Cameroon,2017,1
USA,Cameroon,2018,3
USA,Cameroon,2019,2
USA,Cameroon,2020,1
USA,Cameroon,2023,1
USA,Cameroon,2024,3
USA,Cameroon,2025,1
USA,Canada,2007,6
USA,Canada,2008,11
USA,Canada,2009,12
USA,Canada,2010,17
USA,Canada,2011,13
USA,Canada,2012,28
USA,Canada,2013,19
USA,Canada,2014,24
USA,Canada,2015,17
USA,Canada,2016,35
USA,Canada,2017,19
USA,Canada,2018,19
USA,Canada,2019,23
USA,Canada,2020,6
USA,Canada,2021,8
USA,Canada,2022,5
USA,Canada,2023,19
USA,Canada,2024,22
USA,Canada,2025,12
USA,Chile,2010,1
USA,Chile,2016,1
USA,Chile,2018,1
USA,Chile,2019,2
USA,Chile,2022,4
USA,Chile,2023,1
USA,Chile,2024,6
USA,Chile,2025,4
USA,China,2007,10
USA,China,2008,11
USA,China,2009,16
USA,China,2010,19
USA,China,2011,20
USA,China,2012,32
USA,China,2013,16
USA,China,2014,29
USA,China,2015,28
USA,China,2016,22
USA,China,2017,43
USA,China,2018,47
USA,China,2019,31
USA,China,2020,10
USA,China,2021,11
USA,China,2022,28
USA,China,2023,41
USA,China,2024,25
USA,China,2025,32
USA,Colombia,2008,1
USA,Colombia,2009,1
USA,Colombia,2010,3
USA,Colombia,2011,4
USA,Colombia,2012,3
USA,Colombia,2013,3
USA,Colombia,2014,3
USA,Colombia,2016,8
USA,Colombia,2017,1
USA,Colombia,2018,3
USA,Colombia,2019,7
USA,Colombia,2021,2
USA,Colombia,2022,4
USA,Colombia,2023,2
USA,Colombia,2024,5
USA,Colombia,2025,2
USA,"Congo, Democratic Republic",2019,1
USA,"Congo, Democratic Republic",2021,2
USA,"Congo, Democratic Republic",2023,1
USA,"Congo, Democratic Republic",2024,4
USA,"Congo, Democratic Republic",2025,1
USA,"Congo, Republic",2019,2
USA,Costa Rica,2007,1
USA,Costa Rica,2011,1
USA,Costa Rica,2013,1
USA,Costa Rica,2014,2
USA,Costa Rica,2015,1
USA,Costa Rica,2017,1
USA,Costa Rica,2022,1
USA,Costa Rica,2024,2
USA,Croatia,2015,2
USA,Croatia,2016,3
USA,Croatia,2017,1
USA,Croatia,2018,1
USA,Croatia,2019,2
USA,Croatia,2020,4
USA,Croatia,2021,6
USA,Croatia,2022,3
USA,Croatia,2024,1
USA,Croatia,2025,3
USA,Cuba,2012,4
USA,Cuba,2016,2
USA,Cuba,2017,1
USA,Cuba,2022,2
USA,Cyprus,2008,1
USA,Cyprus,2018,2
USA,Cyprus,2019,1
USA,Cyprus,2022,2
USA,Cyprus,2023,1
USA,Cyprus,2024,1
USA,Czech Republic,2008,2
USA,Czech Republic,2011,1
USA,Czech Republic,2013,4
USA,Czech Republic,2014,1
USA,Czech Republic,2016,1
USA,Czech Republic,2017,1
USA,Czech Republic,2018,3
USA,Czech Republic,2019,3
USA,Czech Republic,2020,2
USA,Czech Republic,2022,1
USA,Czech Republic,2024,2
USA,Czech Republic,2025,3
USA,Czechoslovakia,2012,1
USA,Denmark,2007,1735
USA,Denmark,2008,1819
USA,Denmark,2009,1514
USA,Denmark,2010,1754
USA,Denmark,2011,1948
USA,Denmark,2012,1896
USA,Denmark,2013,1974
USA,Denmark,2014,2024
USA,Denmark,2015,2388
USA,Denmark,2016,2198
USA,Denmark,2017,1926
USA,Denmark,2018,1785
USA,Denmark,2019,1769
USA,Denmark,2020,922
USA,Denmark,2021,1337
USA,Denmark,2022,1727
USA,Denmark,2023,1497
USA,Denmark,2024,1442
USA,Denmark,2025,1283
USA,Dominica,2010,1
USA,Dominica,2019,1
USA,Dominican Republic,2010,1
USA,Dominican Republic,2012,1
USA,Dominican Republic,2013,1
USA,Dominican Republic,2016,1
USA,Dominican Republic,2018,1
USA,Dominican Republic,2019,2
USA,Dominican Republic,2021,1
USA,Dominican Republic,2023,1
USA,Dominican Republic,2024,2
USA,Dominican Republic,2025,2
USA,East Timor,2025,1
USA,Ecuador,2007,1
USA,Ecuador,2009,1
USA,Ecuador,2010,1
USA,Ecuador,2011,3
USA,Ecuador,2012,1
USA,Ecuador,2013,1
USA,Ecuador,2021,1
USA,Ecuador,2024,1
USA,Egypt,2009,2
USA,Egypt,2010,1
USA,Egypt,2011,2
USA,Egypt,2016,1
USA,Egypt,2017,2
USA,Egypt,2018,6
USA,Egypt,2019,4
USA,Egypt,2021,2
USA,Egypt,2022,4
USA,Egypt,2023,2
USA,Egypt,2024,7
USA,El Salvador,2013,1
USA,El Salvador,2019,2
USA,El Salvador,2025,1
USA,Eritrea,2013,1
USA,Eritrea,2016,1
USA,Eritrea,2018,4
USA,Eritrea,2019,1
USA,Eritrea,2020,3
USA,Eritrea,2024,2
USA,Estonia,2009,1
USA,Estonia,2011,1
USA,Estonia,2012,1
USA,Estonia,2013,2
USA,Estonia,2014,6
USA,Estonia,2016,1
USA,Estonia,2021,2
USA,Estonia,2022,1
USA,Estonia,2024,1
USA,Eswantini,2025,1
USA,Ethiopia,2009,1
USA,Ethiopia,2010,3
USA,Ethiopia,2013,2
USA,Ethiopia,2014,1
USA,Ethiopia,2016,5
USA,Ethiopia,2017,1
USA,Ethiopia,2018,3
USA,Ethiopia,2019,2
USA,Ethiopia,2021,1
USA,Ethiopia,2022,3
USA,Ethiopia,2023,4
USA,Ethiopia,2024,5
USA,Ethiopia,2025,1
USA,Fiji,2021,1
USA,Finland,2007,1
USA,Finland,2008,4
USA,Finland,2009,7
USA,Finland,2010,6
USA,Finland,2011,2
USA,Finland,2012,3
USA,Finland,2013,2
USA,Finland,2014,2
USA,Finland,2015,5
USA,Finland,2016,6
USA,Finland,2017,3
USA,Finland,2018,4
USA,Finland,2019,7
USA,Finland,2021,6
USA,Finland,2022,2
USA,Finland,2023,5
USA,Finland,2024,3
USA,Finland,2025,3
USA,France,2007,5
USA,France,2008,8
USA,France,2009,8
USA,France,2010,21
USA,France,2011,13
USA,France,2012,7
USA,France,2013,10
USA,France,2014,7
USA,France,2015,8
USA,France,2016,24
USA,France,2017,12
USA,France,2018,17
USA,France,2019,18
USA,France,2020,9
USA,France,2021,11
USA,France,2022,18
USA,France,2023,20
USA,France,2024,19
USA,France,2025,27
USA,Georgia,2018,1
USA,Georgia,2023,2
USA,Georgia,2024,1
USA,Germany,2007,15
USA,Germany,2008,15
USA,Germany,2009,9
USA,Germany,2010,23
USA,Germany,2011,18
USA,Germany,2012,24
USA,Germany,2013,19
USA,Germany,2014,40
USA,Germany,2015,25
USA,Germany,2016,38
USA,Germany,2017,35
USA,Germany,2018,37
USA,Germany,2019,28
USA,Germany,2020,17
USA,Germany,2021,27
USA,Germany,2022,30
USA,Germany,2023,51
USA,Germany,2024,38
USA,Germany,2025,53
USA,Ghana,2007,1
USA,Ghana,2008,1
USA,Ghana,2009,2
USA,Ghana,2010,2
USA,Ghana,2012,1
USA,Ghana,2013,1
USA,Ghana,2014,1
USA,Ghana,2015,1
USA,Ghana,2018,2
USA,Ghana,2019,2
USA,Ghana,2020,1
USA,Ghana,2021,1
USA,Ghana,2022,3
USA,Ghana,2024,3
USA,Ghana,2025,7
USA,Greece,2008,2
USA,Greece,2009,2
USA,Greece,2010,1
USA,Greece,2011,2
USA,Greece,2012,4
USA,Greece,2013,9
USA,Greece,2014,3
USA,Greece,2015,6
USA,Greece,2016,9
USA,Greece,2017,4
USA,Greece,2018,2
USA,Greece,2020,4
USA,Greece,2021,2
USA,Greece,2022,4
USA,Greece,2023,5
USA,Greece,2024,6
USA,Greece,2025,4
USA,Guatemala,2012,1
USA,Guatemala,2016,1
USA,Guatemala,2019,1
USA,Guinea,2015,1
USA,Guyana,2011,1
USA,Guyana,2014,1
USA,Haiti,2009,1
USA,Haiti,2013,2
USA,Haiti,2017,1
USA,Haiti,2019,1
USA,Haiti,2023,1
USA,Honduras,2008,1
USA,Honduras,2022,4
USA,Hungary,2007,3
USA,Hungary,2008,4
USA,Hungary,2009,4
USA,Hungary,2010,4
USA,Hungary,2011,3
USA,Hungary,2012,6
USA,Hungary,2013,4
USA,Hungary,2014,9
USA,Hungary,2015,10
USA,Hungary,2016,4
USA,Hungary,2017,6
USA,Hungary,2018,4
USA,Hungary,2020,3
USA,Hungary,2021,7
USA,Hungary,2022,2
USA,Hungary,2023,5
USA,Hungary,2024,6
USA,Hungary,2025,8
USA,Iceland,2007,8
USA,Iceland,2008,6
USA,Iceland,2009,7
USA,Iceland,2010,7
USA,Iceland,2011,6
USA,Iceland,2012,5
USA,Iceland,2013,5
USA,Iceland,2015,18
USA,Iceland,2016,7
USA,Iceland,2017,6
USA,Iceland,2018,7
USA,Iceland,2019,12
USA,Iceland,2020,4
USA,Iceland,2022,7
USA,Iceland,2023,3
USA,Iceland,2024,3
USA,Iceland,2025,5
USA,India,2007,12
USA,India,2008,21
USA,India,2009,16
USA,India,2010,5
USA,India,2011,23
USA,India,2012,15
USA,India,2013,20
USA,India,2014,23
USA,India,2015,32
USA,India,2016,29
USA,India,2017,46
USA,India,2018,25
USA,India,2019,38
USA,India,2020,15
USA,India,2021,19
USA,India,2022,34
USA,India,2023,35
USA,India,2024,33
USA,India,2025,41
USA,Indonesia,2010,1
USA,Indonesia,2011,1
USA,Indonesia,2013,1
USA,Indonesia,2015,1
USA,Indonesia,2016,2
USA,Indonesia,2017,1
USA,Indonesia,2018,3
USA,Indonesia,2019,1
USA,Indonesia,2020,2
USA,Indonesia,2022,2
USA,Indonesia,2023,2
USA,Indonesia,2024,2
USA,Iran,2007,3
USA,Iran,2008,2
USA,Iran,2009,2
USA,Iran,2010,1
USA,Iran,2011,4
USA,Iran,2012,5
USA,Iran,2013,2
USA,Iran,2014,8
USA,Iran,2015,12
USA,Iran,2016,10
USA,Iran,2017,10
USA,Iran,2018,7
USA,Iran,2019,6
USA,Iran,2020,4
USA,Iran,2021,7
USA,Iran,2022,23
USA,Iran,2023,15
USA,Iran,2024,9
USA,Iran,2025,8
USA,Iraq,2007,2
USA,Iraq,2009,1
USA,Iraq,2010,4
USA,Iraq,2011,3
USA,Iraq,2012,1
USA,Iraq,2013,5
USA,Iraq,2014,3
USA,Iraq,2017,2
USA,Iraq,2018,1
USA,Iraq,2019,5
USA,Iraq,2024,1
USA,Ireland,2007,4
USA,Ireland,2008,1
USA,Ireland,2009,5
USA,Ireland,2010,8
USA,Ireland,2011,5
USA,Ireland,2012,2
USA,Ireland,2013,4
USA,Ireland,2014,11
USA,Ireland,2015,6
USA,Ireland,2016,10
USA,Ireland,2017,7
USA,Ireland,2018,6
USA,Ireland,2019,10
USA,Ireland,2020,4
USA,Ireland,2021,6
USA,Ireland,2022,14
USA,Ireland,2023,10
USA,Ireland,2024,8
USA,Ireland,2025,19
USA,Israel,2007,1
USA,Israel,2008,1
USA,Israel,2009,1
USA,Israel,2010,2
USA,Israel,2012,1
USA,Israel,2016,3
USA,Israel,2018,1
USA,Israel,2019,1
USA,Israel,2020,1
USA,Israel,2021,1
USA,Israel,2024,3
USA,Israel,2025,1
USA,Italy,2007,3
USA,Italy,2008,7
USA,Italy,2009,4
USA,Italy,2010,13
USA,Italy,2011,7
USA,Italy,2012,9
USA,Italy,2013,11
USA,Italy,2014,10
USA,Italy,2015,18
USA,Italy,2016,29
USA,Italy,2017,41
USA,Italy,2018,27
USA,Italy,2019,24
USA,Italy,2020,11
USA,Italy,2021,22
USA,Italy,2022,27
USA,Italy,2023,33
USA,Italy,2024,33
USA,Italy,2025,33
USA,Ivory Coast,2017,1
USA,Ivory Coast,2018,1
USA,Ivory Coast,2019,1
USA,Ivory Coast,2022,1
USA,Ivory Coast,2025,1
USA,Jamaica,2008,1
USA,Jamaica,2012,1
USA,Jamaica,2014,2
USA,Jamaica,2016,2
USA,Jamaica,2018,1
USA,Jamaica,2019,1
USA,Jamaica,2020,1
USA,Jamaica,2022,1
USA,Jamaica,2023,2
USA,Japan,2008,2
USA,Japan,2009,6
USA,Japan,2010,2
USA,Japan,2011,5
USA,Japan,2012,4
USA,Japan,2013,7
USA,Japan,2014,4
USA,Japan,2015,1
USA,Japan,2016,10
USA,Japan,2017,3
USA,Japan,2018,4
USA,Japan,2019,1
USA,Japan,2021,3
USA,Japan,2022,8
USA,Japan,2023,4
USA,Japan,2024,9
USA,Japan,2025,8
USA,Jordan,2009,1
USA,Jordan,2018,1
USA,Jordan,2019,1
USA,Jordan,2020,1
USA,Kazakhstan,2016,2
USA,Kazakhstan,2017,1
USA,Kazakhstan,2021,1
USA,Kazakhstan,2023,1
USA,Kazakhstan,2025,1
USA,Kenya,2010,1
USA,Kenya,2013,2
USA,Kenya,2014,1
USA,Kenya,2016,1
USA,Kenya,2022,1
USA,Kenya,2023,1
USA,Kenya,2024,3
USA,Kenya,2025,1
USA,Kosovo,2014,1
USA,Kyrgyzstan,2012,1
USA,Kyrgyzstan,2022,1
USA,Kyrgyzstan,2023,1
USA,Laos,2009,1
USA,Laos,2011,1
USA,Laos,2014,1
USA,Latvia,2009,2
USA,Latvia,2010,2
USA,Latvia,2011,1
USA,Latvia,2013,4
USA,Latvia,2014,2
USA,Latvia,2015,4
USA,Latvia,2016,1
USA,Latvia,2017,2
USA,Latvia,2018,5
USA,Latvia,2019,3
USA,Latvia,2022,2
USA,Latvia,2023,2
USA,Latvia,2024,5
USA,Latvia,2025,5
USA,Lebanon,2011,1
USA,Lebanon,2012,2
USA,Lebanon,2013,1
USA,Lebanon,2014,1
USA,Lebanon,2017,1
USA,Lesotho,2011,1
USA,Liberia,2014,2
USA,Liechtenstein,2025,1
USA,Lithuania,2007,5
USA,Lithuania,2008,2
USA,Lithuania,2009,1
USA,Lithuania,2010,1
USA,Lithuania,2011,3
USA,Lithuania,2012,6
USA,Lithuania,2013,4
USA,Lithuania,2014,3
USA,Lithuania,2015,3
USA,Lithuania,2016,6
USA,Lithuania,2017,3
USA,Lithuania,2018,7
USA,Lithuania,2019,10
USA,Lithuania,2020,4
USA,Lithuania,2021,3
USA,Lithuania,2022,3
USA,Lithuania,2023,1
USA,Lithuania,2024,7
USA,Lithuania,2025,7
USA,Luxembourg,2018,1
USA,Luxembourg,2019,1
USA,Luxembourg,2024,1
USA,Malawi,2024,1
USA,Malawi,2025,1
USA,Malaysia,2009,5
USA,Malaysia,2010,4
USA,Malaysia,2011,1
USA,Malaysia,2012,5
USA,Malaysia,2013,6
USA,Malaysia,2014,1
USA,Malaysia,2015,2
USA,Malaysia,2018,1
USA,Malaysia,2019,7
USA,Malaysia,2023,1
USA,Malaysia,2025,3
USA,Maldives,2019,1
USA,Malta,2009,1
USA,Malta,2016,1
USA,Malta,2025,1
USA,Mauritius,2012,1
USA,Mauritius,2016,1
USA,Mexico,2007,1
USA,Mexico,2008,6
USA,Mexico,2009,1
USA,Mexico,2010,5
USA,Mexico,2011,4
USA,Mexico,2012,5
USA,Mexico,2013,4
USA,Mexico,2014,4
USA,Mexico,2015,11
USA,Mexico,2016,3
USA,Mexico,2017,4
USA,Mexico,2018,7
USA,Mexico,2019,2
USA,Mexico,2020,1
USA,Mexico,2021,1
USA,Mexico,2022,8
USA,Mexico,2023,7
USA,Mexico,2024,7
USA,Mexico,2025,2
USA,Moldova,2011,1
USA,Moldova,2012,1
USA,Moldova,2018,1
USA,Mongolia,2008,1
USA,Mongolia,2011,4
USA,Mongolia,2014,1
USA,Mongolia,2018,1
USA,Mongolia,2019,1
USA,Mongolia,2022,1
USA,Mongolia,2023,1
USA,Mongolia,2025,1
USA,Montenegro,2012,1
USA,Montenegro,2018,1
USA,Montenegro,2019,1
USA,Morocco,2017,1
USA,Morocco,2018,1
USA,Morocco,2024,1
USA,Myanmar,2012,1
USA,Myanmar,2015,1
USA,Myanmar,2017,2
USA,Myanmar,2018,1
USA,Myanmar,2019,1
USA,Myanmar,2020,1
USA,Myanmar,2023,2
USA,Myanmar,2025,1
USA,Namibia,2018,1
USA,Nepal,2008,1
USA,Nepal,2009,2
USA,Nepal,2010,1
USA,Nepal,2011,3
USA,Nepal,2012,4
USA,Nepal,2013,3
USA,Nepal,2014,9
USA,Nepal,2016,19
USA,Nepal,2017,5
USA,Nepal,2018,5
USA,Nepal,2019,11
USA,Nepal,2020,5
USA,Nepal,2021,3
USA,Nepal,2022,16
USA,Nepal,2023,6
USA,Nepal,2024,7
USA,Nepal,2025,2
USA,Netherlands,2007,7
USA,Netherlands,2008,14
USA,Netherlands,2009,19
USA,Netherlands,2010,12
USA,Netherlands,2011,11
USA,Netherlands,2012,6
USA,Netherlands,2013,11
USA,Netherlands,2014,13
USA,Netherlands,2015,11
USA,Netherlands,2016,11
USA,Netherlands,2017,22
USA,Netherlands,2018,7
USA,Netherlands,2019,10
USA,Netherlands,2020,10
USA,Netherlands,2021,8
USA,Netherlands,2022,14
USA,Netherlands,2023,8
USA,Netherlands,2024,11
USA,Netherlands,2025,9
USA,New Zealand,2007,2
USA,New Zealand,2008,1
USA,New Zealand,2009,3
USA,New Zealand,2011,1
USA,New Zealand,2012,2
USA,New Zealand,2015,1
USA,New Zealand,2018,2
USA,New Zealand,2019,1
USA,New Zealand,2022,2
USA,New Zealand,2023,4
USA,New Zealand,2024,1
USA,Nicaragua,2008,1
USA,Nicaragua,2016,1
USA,Nigeria,2009,1
USA,Nigeria,2010,1
USA,Nigeria,2011,1
USA,Nigeria,2012,3
USA,Nigeria,2013,1
USA,Nigeria,2014,1
USA,Nigeria,2015,4
USA,Nigeria,2016,3
USA,Nigeria,2019,2
USA,Nigeria,2022,5
USA,Nigeria,2023,1
USA,Nigeria,2024,8
USA,Nigeria,2025,3
USA,North Korea,2007,1
USA,North Korea,2008,1
USA,North Korea,2014,1
USA,North Korea,2018,1
USA,Norway,2007,15
USA,Norway,2008,16
USA,Norway,2009,10
USA,Norway,2010,13
USA,Norway,2011,17
USA,Norway,2012,13
USA,Norway,2013,13
USA,Norway,2014,6
USA,Norway,2015,12
USA,Norway,2016,12
USA,Norway,2017,18
USA,Norway,2018,15
USA,Norway,2019,17
USA,Norway,2020,6
USA,Norway,2021,3
USA,Norway,2022,16
USA,Norway,2023,11
USA,Norway,2024,16
USA,Norway,2025,12
USA,Not stated,2008,1
USA,Not stated,2009,6
USA,Not stated,2010,2
USA,Not stated,2011,5
USA,Not stated,2012,4
USA,Not stated,2013,3
USA,Not stated,2014,8
USA,Not stated,2015,5
USA,Not stated,2016,7
USA,Not stated,2017,3
USA,Not stated,2018,5
USA,Not stated,2019,4
USA,Not stated,2020,3
USA,Not stated,2021,4
USA,Not stated,2022,3
USA,Not stated,2023,1
USA,Not stated,2024,1
USA,Not stated,2025,1
USA,Pakistan,2009,2
USA,Pakistan,2010,5
USA,Pakistan,2011,2
USA,Pakistan,2012,2
USA,Pakistan,2013,6
USA,Pakistan,2014,3
USA,Pakistan,2015,3
USA,Pakistan,2016,11
USA,Pakistan,2017,4
USA,Pakistan,2018,2
USA,Pakistan,2021,2
USA,Pakistan,2022,2
USA,Pakistan,2023,4
USA,Pakistan,2024,8
USA,Pakistan,2025,8
USA,Panama,2018,1
USA,Panama,2019,1
USA,Paraguay,2023,1
USA,Peru,2008,2
USA,Peru,2011,1
USA,Peru,2013,1
USA,Peru,2016,1
USA,Peru,2018,5
USA,Peru,2019,1
USA,Peru,2021,1
USA,Peru,2022,1
USA,Peru,2024,4
USA,Philippines,2007,4
USA,Philippines,2008,3
USA,Philippines,2009,6
USA,Philippines,2010,8
USA,Philippines,2011,4
USA,Philippines,2012,5
USA,Philippines,2013,4
USA,Philippines,2014,9
USA,Philippines,2015,4
USA,Philippines,2016,8
USA,Philippines,2017,2
USA,Philippines,2018,7
USA,Philippines,2019,4
USA,Philippines,2020,2
USA,Philippines,2021,8
USA,Philippines,2023,5
USA,Philippines,2024,3
USA,Philippines,2025,7
USA,Poland,2007,3
USA,Poland,2008,3
USA,Poland,2010,3
USA,Poland,2011,14
USA,Poland,2012,9
USA,Poland,2013,4
USA,Poland,2014,11
USA,Poland,2015,4
USA,Poland,2016,18
USA,Poland,2017,11
USA,Poland,2018,16
USA,Poland,2019,11
USA,Poland,2020,5
USA,Poland,2021,6
USA,Poland,2022,16
USA,Poland,2023,16
USA,Poland,2024,7
USA,Poland,2025,15
USA,Portugal,2010,4
USA,Portugal,2011,4
USA,Portugal,2012,2
USA,Portugal,2013,1
USA,Portugal,2014,1
USA,Portugal,2015,2
USA,Portugal,2016,4
USA,Portugal,2017,1
USA,Portugal,2018,2
USA,Portugal,2019,8
USA,Portugal,2020,1
USA,Portugal,2021,3
USA,Portugal,2022,6
USA,Portugal,2023,2
USA,Portugal,2024,3
USA,Portugal,2025,7
USA,Republic of North Macedonia,2009,1
USA,Republic of North Macedonia,2013,1
USA,Republic of North Macedonia,2016,1
USA,Republic of North Macedonia,2018,1
USA,Romania,2009,3
USA,Romania,2010,3
USA,Romania,2011,10
USA,Romania,2012,2
USA,Romania,2013,2
USA,Romania,2014,9
USA,Romania,2015,5
USA,Romania,2016,5
USA,Romania,2017,12
USA,Romania,2018,11
USA,Romania,2019,13
USA,Romania,2020,5
USA,Romania,2021,6
USA,Romania,2022,4
USA,Romania,2023,5
USA,Romania,2024,11
USA,Romania,2025,8
USA,Russia,2007,4
USA,Russia,2008,4
USA,Russia,2009,3
USA,Russia,2010,2
USA,Russia,2011,2
USA,Russia,2012,3
USA,Russia,2013,2
USA,Russia,2014,5
USA,Russia,2015,7
USA,Russia,2016,4
USA,Russia,2017,8
USA,Russia,2018,3
USA,Russia,2019,6
USA,Russia,2020,1
USA,Russia,2021,3
USA,Russia,2022,5
USA,Russia,2023,4
USA,Russia,2024,2
USA,Russia,2025,7
USA,Rwanda,2008,1
USA,Rwanda,2013,1
USA,Rwanda,2014,1
USA,Rwanda,2019,1
USA,Rwanda,2025,1
USA,Saint Lucia,2019,1
USA,Sao Tome and Principe,2019,1
USA,Saudi Arabia,2020,2
USA,Senegal,2009,1
USA,Senegal,2016,1
USA,Serbia,2010,1
USA,Serbia,2011,1
USA,Serbia,2013,2
USA,Serbia,2014,1
USA,Serbia,2015,1
USA,Serbia,2016,1
USA,Serbia,2017,2
USA,Serbia,2018,4
USA,Serbia,2019,2
USA,Serbia,2025,3
USA,Serbia and Montenegro,2016,1
USA,Sierra Leone,2013,2
USA,Sierra Leone,2014,2
USA,Sierra Leone,2023,1
USA,Singapore,2007,1
USA,Singapore,2010,1
USA,Singapore,2011,2
USA,Singapore,2012,1
USA,Singapore,2013,2
USA,Singapore,2014,1
USA,Singapore,2015,4
USA,Singapore,2016,1
USA,Singapore,2017,1
USA,Singapore,2018,5
USA,Singapore,2019,2
USA,Singapore,2021,1
USA,Singapore,2022,5
USA,Singapore,2023,3
USA,Singapore,2024,5
USA,Singapore,2025,3
USA,Slovakia,2008,1
USA,Slovakia,2009,3
USA,Slovakia,2012,4
USA,Slovakia,2013,2
USA,Slovakia,2014,3
USA,Slovakia,2015,6
USA,Slovakia,2016,4
USA,Slovakia,2017,6
USA,Slovakia,2018,7
USA,Slovakia,2019,5
USA,Slovakia,2020,2
USA,Slovakia,2021,2
USA,Slovakia,2022,4
USA,Slovakia,2023,5
USA,Slovakia,2024,4
USA,Slovakia,2025,2
USA,Slovenia,2007,1
USA,Slovenia,2008,1
USA,Slovenia,2018,1
USA,Slovenia,2019,1
USA,Slovenia,2022,2
USA,Slovenia,2023,1
USA,Somalia,2009,2
USA,Somalia,2011,4
USA,Somalia,2012,1
USA,Somalia,2015,2
USA,Somalia,2017,1
USA,Somalia,2021,1
USA,Somalia,2022,2
USA,Somalia,2024,5
USA,South Africa,2009,1
USA,South Africa,2010,1
USA,South Africa,2012,1
USA,South Africa,2014,2
USA,South Africa,2015,7
USA,South Africa,2017,4
USA,South Africa,2018,1
USA,South Africa,2020,1
USA,South Africa,2021,2
USA,South Africa,2022,4
USA,South Africa,2023,1
USA,South Africa,2025,2
USA,South Korea,2008,3
USA,South Korea,2009,4
USA,South Korea,2010,1
USA,South Korea,2011,3
USA,South Korea,2012,4
USA,South Korea,2013,11
USA,South Korea,2014,5
USA,South Korea,2015,5
USA,South Korea,2016,6
USA,South Korea,2017,8
USA,South Korea,2018,12
USA,South Korea,2019,6
USA,South Korea,2020,1
USA,South Korea,2021,1
USA,South Korea,2022,9
USA,South Korea,2023,4
USA,South Korea,2024,10
USA,South Korea,2025,9
USA,South Sudan,2025,1
USA,Soviet Union,2010,1
USA,Spain,2007,4
USA,Spain,2008,1
USA,Spain,2009,3
USA,Spain,2010,8
USA,Spain,2011,5
USA,Spain,2012,9
USA,Spain,2013,9
USA,Spain,2014,8
USA,Spain,2015,17
USA,Spain,2016,13
USA,Spain,2017,13
USA,Spain,2018,11
USA,Spain,2019,11
USA,Spain,2020,4
USA,Spain,2021,6
USA,Spain,2022,24
USA,Spain,2023,26
USA,Spain,2024,17
USA,Spain,2025,18
USA,Sri Lanka,2009,1
USA,Sri Lanka,2013,1
USA,Sri Lanka,2016,3
USA,Sri Lanka,2022,2
USA,Stateless,2008,1
USA,Stateless,2009,1
USA,Stateless,2017,1
USA,Stateless,2019,1
USA,Stateless,2021,1
USA,Stateless,2024,1
USA,Stateless,2025,3
USA,Sudan,2011,3
USA,Sudan,2017,1
USA,Sudan,2018,1
USA,Sudan,2019,1
USA,Suriname,2012,1
USA,Sweden,2007,13
USA,Sweden,2008,10
USA,Sweden,2009,19
USA,Sweden,2010,19
USA,Sweden,2011,15
USA,Sweden,2012,15
USA,Sweden,2013,17
USA,Sweden,2014,21
USA,Sweden,2015,32
USA,Sweden,2016,18
USA,Sweden,2017,24
USA,Sweden,2018,13
USA,Sweden,2019,24
USA,Sweden,2020,2
USA,Sweden,2021,12
USA,Sweden,2022,11
USA,Sweden,2023,10
USA,Sweden,2024,14
USA,Sweden,2025,23
USA,Switzerland,2007,3
USA,Switzerland,2008,2
USA,Switzerland,2009,3
USA,Switzerland,2010,4
USA,Switzerland,2011,1
USA,Switzerland,2012,1
USA,Switzerland,2013,10
USA,Switzerland,2014,5
USA,Switzerland,2015,5
USA,Switzerland,2016,9
USA,Switzerland,2017,10
USA,Switzerland,2018,4
USA,Switzerland,2019,7
USA,Switzerland,2020,3
USA,Switzerland,2021,1
USA,Switzerland,2022,8
USA,Switzerland,2023,2
USA,Switzerland,2024,2
USA,Switzerland,2025,2
USA,Syria,2015,1
USA,Syria,2017,5
USA,Syria,2019,1
USA,Syria,2023,2
USA,Syria,2024,2
USA,Taiwan,2007,2
USA,Taiwan,2008,5
USA,Taiwan,2010,5
USA,Taiwan,2011,2
USA,Taiwan,2012,1
USA,Taiwan,2013,1
USA,Taiwan,2015,3
USA,Taiwan,2016,1
USA,Taiwan,2021,1
USA,Taiwan,2022,1
USA,Taiwan,2023,4
USA,Taiwan,2024,1
USA,Taiwan,2025,1
USA,Tanzania,2012,1
USA,Tanzania,2017,4
USA,Thailand,2010,1
USA,Thailand,2012,2
USA,Thailand,2013,1
USA,Thailand,2014,1
USA,Thailand,2015,1
USA,Thailand,2016,3
USA,Thailand,2017,2
USA,Thailand,2018,4
USA,Thailand,2019,1
USA,Thailand,2020,1
USA,Thailand,2022,3
USA,Thailand,2023,2
USA,Thailand,2024,2
USA,Thailand,2025,3
USA,Trinidad and Tobago,2013,5
USA,Trinidad and Tobago,2014,1
USA,Trinidad and Tobago,2020,1
USA,Trinidad and Tobago,2021,1
USA,Trinidad and Tobago,2024,1
USA,Trinidad and Tobago,2025,1
USA,Tunisia,2015,1
USA,Tunisia,2018,1
USA,Tunisia,2023,1
USA,Turkey,2007,1
USA,Turkey,2008,1
USA,Turkey,2009,3
USA,Turkey,2010,1
USA,Turkey,2011,9
USA,Turkey,2012,1
USA,Turkey,2013,1
USA,Turkey,2014,2
USA,Turkey,2015,2
USA,Turkey,2017,2
USA,Turkey,2018,10
USA,Turkey,2019,6
USA,Turkey,2020,2
USA,Turkey,2022,8
USA,Turkey,2023,4
USA,Turkey,2024,1
USA,Turkey,2025,5
USA,USA,2007,1176
USA,USA,2008,1928
USA,USA,2009,1822
USA,USA,2010,2134
USA,USA,2011,1415
USA,USA,2012,3053
USA,USA,2013,2562
USA,USA,2014,2900
USA,USA,2015,2429
USA,USA,2016,3469
USA,USA,2017,2480
USA,USA,2018,3346
USA,USA,2019,3318
USA,USA,2020,882
USA,USA,2021,640
USA,USA,2022,2247
USA,USA,2023,2995
USA,USA,2024,3202
USA,USA,2025,2787
USA,Uganda,2009,1
USA,Uganda,2017,1
USA,Uganda,2019,1
USA,Uganda,2020,1
USA,Ukraine,2007,2
USA,Ukraine,2008,1
USA,Ukraine,2009,3
USA,Ukraine,2010,1
USA,Ukraine,2011,3
USA,Ukraine,2012,3
USA,Ukraine,2013,3
USA,Ukraine,2014,5
USA,Ukraine,2015,3
USA,Ukraine,2018,2
USA,Ukraine,2019,1
USA,Ukraine,2020,3
USA,Ukraine,2022,38
USA,Ukraine,2023,44
USA,Ukraine,2024,60
USA,Ukraine,2025,14
USA,United Kingdom,2007,14
USA,United Kingdom,2008,24
USA,United Kingdom,2009,23
USA,United Kingdom,2010,29
USA,United Kingdom,2011,40
USA,United Kingdom,2012,27
USA,United Kingdom,2013,34
USA,United Kingdom,2014,48
USA,United Kingdom,2015,42
USA,United Kingdom,2016,48
USA,United Kingdom,2017,30
USA,United Kingdom,2018,33
USA,United Kingdom,2019,35
USA,United Kingdom,2020,23
USA,United Kingdom,2021,19
USA,United Kingdom,2022,28
USA,United Kingdom,2023,26
USA,United Kingdom,2024,24
USA,United Kingdom,2025,19
USA,Uruguay,2014,1
USA,Uruguay,2017,2
USA,Uruguay,2019,4
USA,Uruguay,2021,1
USA,Uruguay,2023,1
USA,Uzbekistan,2009,1
USA,Uzbekistan,2016,2
USA,Uzbekistan,2017,2
USA,Uzbekistan,2018,1
USA,Uzbekistan,2023,2
USA,Vanuatu,2016,2
USA,Vanuatu,2017,1
USA,Venezuela,2008,2
USA,Venezuela,2011,3
USA,Venezuela,2012,2
USA,Venezuela,2013,1
USA,Venezuela,2014,1
USA,Venezuela,2015,1
USA,Venezuela,2016,1
USA,Venezuela,2018,3
USA,Venezuela,2019,1
USA,Venezuela,2020,2
USA,Venezuela,2021,1
USA,Venezuela,2022,2
USA,Venezuela,2023,2
USA,Vietnam,2007,1
USA,Vietnam,2008,1
USA,Vietnam,2009,3
USA,Vietnam,2010,4
USA,Vietnam,2011,2
USA,Vietnam,2012,6
USA,Vietnam,2014,5
USA,Vietnam,2015,4
USA,Vietnam,2016,5
USA,Vietnam,2017,1
USA,Vietnam,2018,11
USA,Vietnam,2019,6
USA,Vietnam,2020,3
USA,Vietnam,2021,1
USA,Vietnam,2022,6
USA,Vietnam,2023,6
USA,Vietnam,2024,7
USA,Vietnam,2025,6
USA,Yugoslavia,2007,1
USA,Yugoslavia,2008,1
USA,Yugoslavia,2013,1
USA,Yugoslavia,2014,1
USA,Yugoslavia,2017,1
USA,Yugoslavia,2020,2
USA,Zambia,2017,5
USA,Zambia,2022,2
USA,Zambia,2023,2
USA,Zimbabwe,2007,1
USA,Zimbabwe,2010,2
USA,Zimbabwe,2014,1
USA,Zimbabwe,2022,1
USA,Zimbabwe,2024,1
USA,Zimbabwe,2025,1
United Kingdom,Afghanistan,2007,1
United Kingdom,Afghanistan,2008,3
United Kingdom,Afghanistan,2009,5
United Kingdom,Afghanistan,2010,3
United Kingdom,Afghanistan,2011,3
United Kingdom,Afghanistan,2012,2
United Kingdom,Afghanistan,2014,4
United Kingdom,Afghanistan,2015,2
United Kingdom,Afghanistan,2016,2
United Kingdom,Afghanistan,2018,2
United Kingdom,Afghanistan,2020,1
United Kingdom,Afghanistan,2022,25
United Kingdom,Afghanistan,2023,8
United Kingdom,Afghanistan,2024,17
United Kingdom,Africa not stated,2013,1
United Kingdom,Albania,2024,1
United Kingdom,Algeria,2021,1
United Kingdom,Angola,2011,1
United Kingdom,Angola,2013,1
United Kingdom,Angola,2017,1
United Kingdom,Antigua and Barbuda,2017,1
United Kingdom,Argentina,2008,1
United Kingdom,Argentina,2010,3
United Kingdom,Argentina,2011,2
United Kingdom,Argentina,2012,1
United Kingdom,Argentina,2014,1
United Kingdom,Argentina,2015,2
United Kingdom,Argentina,2016,4
United Kingdom,Argentina,2017,7
United Kingdom,Argentina,2018,5
United Kingdom,Argentina,2019,3
United Kingdom,Argentina,2020,8
United Kingdom,Argentina,2021,1
United Kingdom,Argentina,2022,1
United Kingdom,Argentina,2024,2
United Kingdom,Argentina,2025,1
United Kingdom,Armenia,2018,1
United Kingdom,Australia,2007,5
United Kingdom,Australia,2008,5
United Kingdom,Australia,2009,10
United Kingdom,Australia,2010,7
United Kingdom,Australia,2011,5
United Kingdom,Australia,2012,6
United Kingdom,Australia,2013,5
United Kingdom,Australia,2014,11
United Kingdom,Australia,2015,4
United Kingdom,Australia,2016,9
United Kingdom,Australia,2017,11
United Kingdom,Australia,2018,12
United Kingdom,Australia,2019,9
United Kingdom,Australia,2020,5
United Kingdom,Australia,2021,10
United Kingdom,Australia,2022,4
United Kingdom,Australia,2023,12
United Kingdom,Australia,2024,7
United Kingdom,Australia,2025,12
United Kingdom,Austria,2007,1
United Kingdom,Austria,2010,1
United Kingdom,Austria,2011,6
United Kingdom,Austria,2012,4
United Kingdom,Austria,2013,3
United Kingdom,Austria,2014,1
United Kingdom,Austria,2015,4
United Kingdom,Austria,2016,2
United Kingdom,Austria,2017,1
United Kingdom,Austria,2018,4
United Kingdom,Austria,2019,4
United Kingdom,Austria,2020,2
United Kingdom,Austria,2022,3
United Kingdom,Austria,2023,3
United Kingdom,Austria,2024,3
United Kingdom,Austria,2025,3
United Kingdom,Azerbaijan,2025,1
United Kingdom,Bahrain,2017,1
United Kingdom,Bahrain,2024,1
United Kingdom,Bangladesh,2008,1
United Kingdom,Bangladesh,2012,2
United Kingdom,Bangladesh,2013,1
United Kingdom,Bangladesh,2016,1
United Kingdom,Bangladesh,2017,1
United Kingdom,Bangladesh,2018,2
United Kingdom,Bangladesh,2020,4
United Kingdom,Bangladesh,2021,8
United Kingdom,Bangladesh,2023,2
United Kingdom,Bangladesh,2024,6
United Kingdom,Bangladesh,2025,1
United Kingdom,Barbados,2009,1
United Kingdom,Belarus,2008,1
United Kingdom,Belarus,2013,2
United Kingdom,Belarus,2014,1
United Kingdom,Belarus,2015,1
United Kingdom,Belarus,2022,1
United Kingdom,Belgium,2007,2
United Kingdom,Belgium,2009,2
United Kingdom,Belgium,2011,2
United Kingdom,Belgium,2012,1
United Kingdom,Belgium,2013,7
United Kingdom,Belgium,2015,2
United Kingdom,Belgium,2016,3
United Kingdom,Belgium,2017,1
United Kingdom,Belgium,2018,5
United Kingdom,Belgium,2019,5
United Kingdom,Belgium,2020,2
United Kingdom,Belgium,2021,3
United Kingdom,Belgium,2022,1
United Kingdom,Belgium,2023,2
United Kingdom,Belgium,2024,7
United Kingdom,Belgium,2025,5
United Kingdom,Belize,2007,1
United Kingdom,Botswana,2009,2
United Kingdom,Brazil,2007,3
United Kingdom,Brazil,2008,1
United Kingdom,Brazil,2009,2
United Kingdom,Brazil,2012,3
United Kingdom,Brazil,2013,4
United Kingdom,Brazil,2014,2
United Kingdom,Brazil,2015,6
United Kingdom,Brazil,2016,3
United Kingdom,Brazil,2017,3
United Kingdom,Brazil,2018,4
United Kingdom,Brazil,2019,7
United Kingdom,Brazil,2020,6
United Kingdom,Brazil,2021,3
United Kingdom,Brazil,2022,10
United Kingdom,Brazil,2023,9
United Kingdom,Brazil,2024,2
United Kingdom,Brazil,2025,4
United Kingdom,Brunei,2018,1
United Kingdom,Bulgaria,2007,2
United Kingdom,Bulgaria,2008,3
United Kingdom,Bulgaria,2009,2
United Kingdom,Bulgaria,2010,4
United Kingdom,Bulgaria,2011,5
United Kingdom,Bulgaria,2012,5
United Kingdom,Bulgaria,2013,8
United Kingdom,Bulgaria,2014,10
United Kingdom,Bulgaria,2015,21
United Kingdom,Bulgaria,2016,13
United Kingdom,Bulgaria,2017,17
United Kingdom,Bulgaria,2018,15
United Kingdom,Bulgaria,2019,13
United Kingdom,Bulgaria,2020,10
United Kingdom,Bulgaria,2021,4
United Kingdom,Bulgaria,2022,8
United Kingdom,Bulgaria,2023,6
United Kingdom,Bulgaria,2024,5
United Kingdom,Bulgaria,2025,5
United Kingdom,Cambodia,2007,1
United Kingdom,Cameroon,2011,3
United Kingdom,Cameroon,2014,1
United Kingdom,Cameroon,2017,1
United Kingdom,Cameroon,2021,3
United Kingdom,Cameroon,2022,2
United Kingdom,Canada,2007,2
United Kingdom,Canada,2008,9
United Kingdom,Canada,2009,3
United Kingdom,Canada,2010,6
United Kingdom,Canada,2011,4
United Kingdom,Canada,2012,3
United Kingdom,Canada,2013,3
United Kingdom,Canada,2014,4
United Kingdom,Canada,2015,3
United Kingdom,Canada,2016,5
United Kingdom,Canada,2017,10
United Kingdom,Canada,2018,7
United Kingdom,Canada,2019,6
United Kingdom,Canada,2020,7
United Kingdom,Canada,2021,4
United Kingdom,Canada,2022,6
United Kingdom,Canada,2023,2
United Kingdom,Canada,2024,8
United Kingdom,Canada,2025,2
United Kingdom,Chile,2012,1
United Kingdom,Chile,2014,1
United Kingdom,Chile,2015,1
United Kingdom,Chile,2016,1
United Kingdom,Chile,2017,1
United Kingdom,Chile,2018,5
United Kingdom,Chile,2019,4
United Kingdom,Chile,2020,1
United Kingdom,Chile,2021,1
United Kingdom,Chile,2022,1
United Kingdom,Chile,2023,1
United Kingdom,Chile,2024,3
United Kingdom,Chile,2025,3
United Kingdom,China,2007,11
United Kingdom,China,2008,6
United Kingdom,China,2009,5
United Kingdom,China,2010,1
United Kingdom,China,2011,10
United Kingdom,China,2012,4
United Kingdom,China,2013,8
United Kingdom,China,2014,10
United Kingdom,China,2015,5
United Kingdom,China,2016,17
United Kingdom,China,2017,25
United Kingdom,China,2018,33
United Kingdom,China,2019,12
United Kingdom,China,2020,12
United Kingdom,China,2021,12
United Kingdom,China,2022,19
United Kingdom,China,2023,30
United Kingdom,China,2024,13
United Kingdom,China,2025,7
United Kingdom,Colombia,2007,1
United Kingdom,Colombia,2008,1
United Kingdom,Colombia,2010,1
United Kingdom,Colombia,2011,2
United Kingdom,Colombia,2015,1
United Kingdom,Colombia,2016,2
United Kingdom,Colombia,2020,1
United Kingdom,Colombia,2021,2
United Kingdom,Colombia,2022,1
United Kingdom,Colombia,2023,3
United Kingdom,Colombia,2024,1
United Kingdom,"Congo, Democratic Republic",2009,1
United Kingdom,"Congo, Democratic Republic",2017,2
United Kingdom,"Congo, Democratic Republic",2019,1
United Kingdom,Costa Rica,2019,1
United Kingdom,Croatia,2008,1
United Kingdom,Croatia,2012,1
United Kingdom,Croatia,2013,1
United Kingdom,Croatia,2015,1
United Kingdom,Croatia,2016,2
United Kingdom,Croatia,2017,4
United Kingdom,Croatia,2018,1
United Kingdom,Croatia,2019,3
United Kingdom,Croatia,2021,3
United Kingdom,Croatia,2022,1
United Kingdom,Croatia,2023,1
United Kingdom,Croatia,2024,1
United Kingdom,Croatia,2025,2
United Kingdom,Cyprus,2009,1
United Kingdom,Cyprus,2010,1
United Kingdom,Cyprus,2014,3
United Kingdom,Cyprus,2017,1
United Kingdom,Cyprus,2018,1
United Kingdom,Cyprus,2019,1
United Kingdom,Cyprus,2020,1
United Kingdom,Cyprus,2021,2
United Kingdom,Cyprus,2024,1
United Kingdom,Cyprus,2025,1
United Kingdom,Czech Republic,2007,6
United Kingdom,Czech Republic,2008,1
United Kingdom,Czech Republic,2009,2
United Kingdom,Czech Republic,2010,2
United Kingdom,Czech Republic,2011,2
United Kingdom,Czech Republic,2012,4
United Kingdom,Czech Republic,2013,3
United Kingdom,Czech Republic,2014,1
United Kingdom,Czech Republic,2015,6
United Kingdom,Czech Republic,2016,5
United Kingdom,Czech Republic,2017,9
United Kingdom,Czech Republic,2018,5
United Kingdom,Czech Republic,2019,7
United Kingdom,Czech Republic,2020,4
United Kingdom,Czech Republic,2021,6
United Kingdom,Czech Republic,2022,1
United Kingdom,Czech Republic,2023,1
United Kingdom,Czech Republic,2024,5
United Kingdom,Czech Republic,2025,5
United Kingdom,Czechoslovakia,2016,1
United Kingdom,Denmark,2007,2404
United Kingdom,Denmark,2008,2355
United Kingdom,Denmark,2009,2060
United Kingdom,Denmark,2010,2034
United Kingdom,Denmark,2011,2246
United Kingdom,Denmark,2012,2082
United Kingdom,Denmark,2013,2227
United Kingdom,Denmark,2014,2349
United Kingdom,Denmark,2015,2390
United Kingdom,Denmark,2016,2135
United Kingdom,Denmark,2017,2023
United Kingdom,Denmark,2018,1769
United Kingdom,Denmark,2019,1713
United Kingdom,Denmark,2020,1453
United Kingdom,Denmark,2021,931
United Kingdom,Denmark,2022,948
United Kingdom,Denmark,2023,792
United Kingdom,Denmark,2024,803
United Kingdom,Denmark,2025,821
United Kingdom,Ecuador,2015,1
United Kingdom,Ecuador,2016,1
United Kingdom,Ecuador,2018,2
United Kingdom,Ecuador,2023,1
United Kingdom,Egypt,2008,2
United Kingdom,Egypt,2009,1
United Kingdom,Egypt,2011,1
United Kingdom,Egypt,2014,1
United Kingdom,Egypt,2016,4
United Kingdom,Egypt,2018,4
United Kingdom,Egypt,2019,2
United Kingdom,Egypt,2021,7
United Kingdom,Egypt,2022,3
United Kingdom,Egypt,2023,4
United Kingdom,Egypt,2024,5
United Kingdom,El Salvador,2021,1
United Kingdom,El Salvador,2025,2
United Kingdom,Eritrea,2013,1
United Kingdom,Eritrea,2015,1
United Kingdom,Eritrea,2017,1
United Kingdom,Eritrea,2020,5
United Kingdom,Eritrea,2022,2
United Kingdom,Eritrea,2023,5
United Kingdom,Eritrea,2024,4
United Kingdom,Eritrea,2025,3
United Kingdom,Estonia,2007,1
United Kingdom,Estonia,2011,2
United Kingdom,Estonia,2012,3
United Kingdom,Estonia,2014,10
United Kingdom,Estonia,2015,9
United Kingdom,Estonia,2016,4
United Kingdom,Estonia,2017,4
United Kingdom,Estonia,2018,4
United Kingdom,Estonia,2019,3
United Kingdom,Estonia,2020,1
United Kingdom,Estonia,2021,2
United Kingdom,Estonia,2023,1
United Kingdom,Estonia,2024,1
United Kingdom,Ethiopia,2008,1
United Kingdom,Ethiopia,2009,3
United Kingdom,Ethiopia,2011,1
United Kingdom,Ethiopia,2016,5
United Kingdom,Ethiopia,2018,1
United Kingdom,Ethiopia,2019,1
United Kingdom,Ethiopia,2020,2
United Kingdom,Ethiopia,2022,6
United Kingdom,Ethiopia,2025,1
United Kingdom,Finland,2007,4
United Kingdom,Finland,2009,6
United Kingdom,Finland,2010,14
United Kingdom,Finland,2011,5
United Kingdom,Finland,2012,10
United Kingdom,Finland,2013,6
United Kingdom,Finland,2014,9
United Kingdom,Finland,2015,10
United Kingdom,Finland,2016,3
United Kingdom,Finland,2017,6
United Kingdom,Finland,2018,6
United Kingdom,Finland,2019,12
United Kingdom,Finland,2020,8
United Kingdom,Finland,2021,12
United Kingdom,Finland,2022,4
United Kingdom,Finland,2023,5
United Kingdom,Finland,2024,9
United Kingdom,Finland,2025,5
United Kingdom,France,2007,5
United Kingdom,France,2008,8
United Kingdom,France,2009,11
United Kingdom,France,2010,11
United Kingdom,France,2011,14
United Kingdom,France,2012,15
United Kingdom,France,2013,19
United Kingdom,France,2014,24
United Kingdom,France,2015,28
United Kingdom,France,2016,26
United Kingdom,France,2017,14
United Kingdom,France,2018,27
United Kingdom,France,2019,21
United Kingdom,France,2020,21
United Kingdom,France,2021,23
United Kingdom,France,2022,37
United Kingdom,France,2023,35
United Kingdom,France,2024,26
United Kingdom,France,2025,16
United Kingdom,"Gambia, The",2018,2
United Kingdom,Germany,2007,13
United Kingdom,Germany,2008,15
United Kingdom,Germany,2009,13
United Kingdom,Germany,2010,23
United Kingdom,Germany,2011,22
United Kingdom,Germany,2012,21
United Kingdom,Germany,2013,30
United Kingdom,Germany,2014,31
United Kingdom,Germany,2015,27
United Kingdom,Germany,2016,18
United Kingdom,Germany,2017,39
United Kingdom,Germany,2018,39
United Kingdom,Germany,2019,30
United Kingdom,Germany,2020,27
United Kingdom,Germany,2021,22
United Kingdom,Germany,2022,21
United Kingdom,Germany,2023,37
United Kingdom,Germany,2024,31
United Kingdom,Germany,2025,31
United Kingdom,Ghana,2009,2
United Kingdom,Ghana,2011,1
United Kingdom,Ghana,2012,4
United Kingdom,Ghana,2013,1
United Kingdom,Ghana,2015,1
United Kingdom,Ghana,2016,2
United Kingdom,Ghana,2017,3
United Kingdom,Ghana,2018,1
United Kingdom,Ghana,2019,6
United Kingdom,Ghana,2020,4
United Kingdom,Ghana,2021,1
United Kingdom,Ghana,2022,1
United Kingdom,Ghana,2024,6
United Kingdom,Greece,2007,5
United Kingdom,Greece,2008,3
United Kingdom,Greece,2009,2
United Kingdom,Greece,2010,2
United Kingdom,Greece,2011,4
United Kingdom,Greece,2012,4
United Kingdom,Greece,2013,5
United Kingdom,Greece,2014,8
United Kingdom,Greece,2015,20
United Kingdom,Greece,2016,13
United Kingdom,Greece,2017,17
United Kingdom,Greece,2018,21
United Kingdom,Greece,2019,20
United Kingdom,Greece,2020,15
United Kingdom,Greece,2021,8
United Kingdom,Greece,2022,5
United Kingdom,Greece,2023,5
United Kingdom,Greece,2024,9
United Kingdom,Greece,2025,7
United Kingdom,Guatemala,2024,1
United Kingdom,Guinea,2023,1
United Kingdom,Honduras,2010,1
United Kingdom,Hungary,2007,4
United Kingdom,Hungary,2008,3
United Kingdom,Hungary,2009,3
United Kingdom,Hungary,2010,4
United Kingdom,Hungary,2011,3
United Kingdom,Hungary,2012,5
United Kingdom,Hungary,2013,10
United Kingdom,Hungary,2014,7
United Kingdom,Hungary,2015,17
United Kingdom,Hungary,2016,16
United Kingdom,Hungary,2017,20
United Kingdom,Hungary,2018,14
United Kingdom,Hungary,2019,19
United Kingdom,Hungary,2020,12
United Kingdom,Hungary,2021,7
United Kingdom,Hungary,2022,1
United Kingdom,Hungary,2023,13
United Kingdom,Hungary,2024,8
United Kingdom,Hungary,2025,5
United Kingdom,Iceland,2007,11
United Kingdom,Iceland,2008,6
United Kingdom,Iceland,2009,9
United Kingdom,Iceland,2010,12
United Kingdom,Iceland,2011,5
United Kingdom,Iceland,2012,6
United Kingdom,Iceland,2013,4
United Kingdom,Iceland,2014,6
United Kingdom,Iceland,2015,7
United Kingdom,Iceland,2016,4
United Kingdom,Iceland,2017,2
United Kingdom,Iceland,2018,5
United Kingdom,Iceland,2019,7
United Kingdom,Iceland,2020,3
United Kingdom,Iceland,2021,2
United Kingdom,Iceland,2022,8
United Kingdom,Iceland,2023,2
United Kingdom,Iceland,2024,6
United Kingdom,Iceland,2025,3
United Kingdom,India,2007,10
United Kingdom,India,2008,10
United Kingdom,India,2009,8
United Kingdom,India,2010,11
United Kingdom,India,2011,19
United Kingdom,India,2012,13
United Kingdom,India,2013,15
United Kingdom,India,2014,12
United Kingdom,India,2015,24
United Kingdom,India,2016,15
United Kingdom,India,2017,31
United Kingdom,India,2018,34
United Kingdom,India,2019,37
United Kingdom,India,2020,17
United Kingdom,India,2021,37
United Kingdom,India,2022,59
United Kingdom,India,2023,55
United Kingdom,India,2024,32
United Kingdom,India,2025,17
United Kingdom,Indonesia,2009,2
United Kingdom,Indonesia,2011,2
United Kingdom,Indonesia,2015,1
United Kingdom,Indonesia,2016,2
United Kingdom,Indonesia,2018,1
United Kingdom,Indonesia,2019,1
United Kingdom,Indonesia,2021,2
United Kingdom,Iran,2007,1
United Kingdom,Iran,2009,1
United Kingdom,Iran,2010,3
United Kingdom,Iran,2011,2
United Kingdom,Iran,2013,3
United Kingdom,Iran,2014,3
United Kingdom,Iran,2015,2
United Kingdom,Iran,2016,11
United Kingdom,Iran,2017,5
United Kingdom,Iran,2018,5
United Kingdom,Iran,2019,4
United Kingdom,Iran,2021,5
United Kingdom,Iran,2022,2
United Kingdom,Iran,2023,12
United Kingdom,Iran,2024,12
United Kingdom,Iran,2025,9
United Kingdom,Iraq,2008,4
United Kingdom,Iraq,2009,2
United Kingdom,Iraq,2010,5
United Kingdom,Iraq,2011,2
United Kingdom,Iraq,2012,3
United Kingdom,Iraq,2014,1
United Kingdom,Iraq,2016,4
United Kingdom,Iraq,2018,1
United Kingdom,Iraq,2019,6
United Kingdom,Iraq,2022,1
United Kingdom,Iraq,2024,1
United Kingdom,Iraq,2025,1
United Kingdom,Ireland,2007,9
United Kingdom,Ireland,2008,11
United Kingdom,Ireland,2009,2
United Kingdom,Ireland,2010,10
United Kingdom,Ireland,2011,15
United Kingdom,Ireland,2012,15
United Kingdom,Ireland,2013,9
United Kingdom,Ireland,2014,10
United Kingdom,Ireland,2015,25
United Kingdom,Ireland,2016,16
United Kingdom,Ireland,2017,11
United Kingdom,Ireland,2018,15
United Kingdom,Ireland,2019,24
United Kingdom,Ireland,2020,17
United Kingdom,Ireland,2021,29
United Kingdom,Ireland,2022,33
United Kingdom,Ireland,2023,42
United Kingdom,Ireland,2024,42
United Kingdom,Ireland,2025,43
United Kingdom,Israel,2008,1
United Kingdom,Israel,2011,1
United Kingdom,Israel,2016,1
United Kingdom,Israel,2018,2
United Kingdom,Israel,2019,1
United Kingdom,Israel,2021,2
United Kingdom,Israel,2023,1
United Kingdom,Israel,2025,1
United Kingdom,Italy,2007,8
United Kingdom,Italy,2008,10
United Kingdom,Italy,2009,3
United Kingdom,Italy,2010,6
United Kingdom,Italy,2011,12
United Kingdom,Italy,2012,15
United Kingdom,Italy,2013,20
United Kingdom,Italy,2014,18
United Kingdom,Italy,2015,28
United Kingdom,Italy,2016,43
United Kingdom,Italy,2017,36
United Kingdom,Italy,2018,41
United Kingdom,Italy,2019,55
United Kingdom,Italy,2020,33
United Kingdom,Italy,2021,26
United Kingdom,Italy,2022,37
United Kingdom,Italy,2023,22
United Kingdom,Italy,2024,29
United Kingdom,Italy,2025,24
United Kingdom,Ivory Coast,2017,1
United Kingdom,Japan,2007,2
United Kingdom,Japan,2008,4
United Kingdom,Japan,2009,2
United Kingdom,Japan,2010,1
United Kingdom,Japan,2011,4
United Kingdom,Japan,2012,2
United Kingdom,Japan,2013,3
United Kingdom,Japan,2014,8
United Kingdom,Japan,2015,5
United Kingdom,Japan,2016,1
United Kingdom,Japan,2017,3
United Kingdom,Japan,2018,2
United Kingdom,Japan,2019,7
United Kingdom,Japan,2020,2
United Kingdom,Japan,2021,4
United Kingdom,Japan,2022,5
United Kingdom,Japan,2023,5
United Kingdom,Japan,2024,1
United Kingdom,Japan,2025,11
United Kingdom,Jordan,2014,1
United Kingdom,Jordan,2017,1
United Kingdom,Kazakhstan,2010,1
United Kingdom,Kazakhstan,2011,1
United Kingdom,Kazakhstan,2012,1
United Kingdom,Kazakhstan,2014,1
United Kingdom,Kazakhstan,2019,1
United Kingdom,Kazakhstan,2021,7
United Kingdom,Kazakhstan,2023,4
United Kingdom,Kazakhstan,2024,1
United Kingdom,Kazakhstan,2025,3
United Kingdom,Kenya,2011,2
United Kingdom,Kenya,2013,1
United Kingdom,Kenya,2015,1
United Kingdom,Kenya,2016,1
United Kingdom,Kenya,2017,1
United Kingdom,Kenya,2018,1
United Kingdom,Kenya,2022,1
United Kingdom,Kenya,2023,2
United Kingdom,Kenya,2025,1
United Kingdom,Kosovo,2025,1
United Kingdom,Kuwait,2009,1
United Kingdom,Latvia,2008,2
United Kingdom,Latvia,2009,5
United Kingdom,Latvia,2010,10
United Kingdom,Latvia,2011,12
United Kingdom,Latvia,2012,4
United Kingdom,Latvia,2013,14
United Kingdom,Latvia,2014,11
United Kingdom,Latvia,2015,13
United Kingdom,Latvia,2016,9
United Kingdom,Latvia,2017,9
United Kingdom,Latvia,2018,7
United Kingdom,Latvia,2019,8
United Kingdom,Latvia,2020,11
United Kingdom,Latvia,2021,2
United Kingdom,Latvia,2022,1
United Kingdom,Latvia,2023,1
United Kingdom,Latvia,2024,1
United Kingdom,Latvia,2025,3
United Kingdom,Lebanon,2010,1
United Kingdom,Lebanon,2011,1
United Kingdom,Lebanon,2013,1
United Kingdom,Lebanon,2015,2
United Kingdom,Lebanon,2017,1
United Kingdom,Lebanon,2018,1
United Kingdom,Lebanon,2020,1
United Kingdom,Lebanon,2021,3
United Kingdom,Lebanon,2024,1
United Kingdom,Lebanon,2025,2
United Kingdom,Liberia,2015,1
United Kingdom,Libya,2017,1
United Kingdom,Lithuania,2007,3
United Kingdom,Lithuania,2008,6
United Kingdom,Lithuania,2009,10
United Kingdom,Lithuania,2010,19
United Kingdom,Lithuania,2011,18
United Kingdom,Lithuania,2012,20
United Kingdom,Lithuania,2013,16
United Kingdom,Lithuania,2014,29
United Kingdom,Lithuania,2015,20
United Kingdom,Lithuania,2016,37
United Kingdom,Lithuania,2017,24
United Kingdom,Lithuania,2018,33
United Kingdom,Lithuania,2019,28
United Kingdom,Lithuania,2020,17
United Kingdom,Lithuania,2021,5
United Kingdom,Lithuania,2022,7
United Kingdom,Lithuania,2023,4
United Kingdom,Lithuania,2024,12
United Kingdom,Lithuania,2025,13
United Kingdom,Luxembourg,2009,1
United Kingdom,Luxembourg,2024,1
United Kingdom,Malawi,2008,1
United Kingdom,Malawi,2009,1
United Kingdom,Malawi,2024,3
United Kingdom,Malaysia,2008,1
United Kingdom,Malaysia,2009,2
United Kingdom,Malaysia,2010,3
United Kingdom,Malaysia,2011,6
United Kingdom,Malaysia,2013,3
United Kingdom,Malaysia,2014,1
United Kingdom,Malaysia,2015,4
United Kingdom,Malaysia,2016,3
United Kingdom,Malaysia,2017,5
United Kingdom,Malaysia,2018,1
United Kingdom,Malaysia,2019,2
United Kingdom,Malaysia,2020,1
United Kingdom,Malaysia,2022,2
United Kingdom,Malaysia,2023,1
United Kingdom,Malaysia,2024,3
United Kingdom,Malaysia,2025,5
United Kingdom,Malta,2007,1
United Kingdom,Malta,2008,1
United Kingdom,Malta,2014,1
United Kingdom,Malta,2015,1
United Kingdom,Malta,2016,2
United Kingdom,Malta,2022,1
United Kingdom,Malta,2024,1
United Kingdom,Mexico,2009,2
United Kingdom,Mexico,2011,1
United Kingdom,Mexico,2012,3
United Kingdom,Mexico,2014,2
United Kingdom,Mexico,2016,1
United Kingdom,Mexico,2017,2
United Kingdom,Mexico,2018,6
United Kingdom,Mexico,2019,3
United Kingdom,Mexico,2020,4
United Kingdom,Mexico,2022,8
United Kingdom,Mexico,2023,1
United Kingdom,Mexico,2025,1
United Kingdom,Moldova,2009,1
United Kingdom,Moldova,2013,1
United Kingdom,Mongolia,2007,1
United Kingdom,Mongolia,2011,2
United Kingdom,Mongolia,2016,1
United Kingdom,Mongolia,2019,1
United Kingdom,Montenegro,2011,1
United Kingdom,Morocco,2009,1
United Kingdom,Morocco,2011,2
United Kingdom,Morocco,2016,1
United Kingdom,Morocco,2018,3
United Kingdom,Morocco,2020,2
United Kingdom,Mozambique,2022,1
United Kingdom,Myanmar,2014,3
United Kingdom,Myanmar,2019,1
United Kingdom,Myanmar,2023,1
United Kingdom,Namibia,2017,1
United Kingdom,Nepal,2010,6
United Kingdom,Nepal,2014,1
United Kingdom,Nepal,2015,4
United Kingdom,Nepal,2016,1
United Kingdom,Nepal,2017,5
United Kingdom,Nepal,2018,1
United Kingdom,Nepal,2019,4
United Kingdom,Nepal,2020,7
United Kingdom,Nepal,2022,4
United Kingdom,Nepal,2023,2
United Kingdom,Nepal,2024,1
United Kingdom,Nepal,2025,2
United Kingdom,Netherlands,2007,9
United Kingdom,Netherlands,2008,4
United Kingdom,Netherlands,2009,14
United Kingdom,Netherlands,2010,6
United Kingdom,Netherlands,2011,7
United Kingdom,Netherlands,2012,6
United Kingdom,Netherlands,2013,16
United Kingdom,Netherlands,2014,22
United Kingdom,Netherlands,2015,12
United Kingdom,Netherlands,2016,9
United Kingdom,Netherlands,2017,21
United Kingdom,Netherlands,2018,12
United Kingdom,Netherlands,2019,17
United Kingdom,Netherlands,2020,6
United Kingdom,Netherlands,2021,6
United Kingdom,Netherlands,2022,5
United Kingdom,Netherlands,2023,7
United Kingdom,Netherlands,2024,8
United Kingdom,Netherlands,2025,12
United Kingdom,New Zealand,2007,4
United Kingdom,New Zealand,2008,4
United Kingdom,New Zealand,2009,1
United Kingdom,New Zealand,2010,2
United Kingdom,New Zealand,2011,1
United Kingdom,New Zealand,2012,2
United Kingdom,New Zealand,2013,5
United Kingdom,New Zealand,2014,1
United Kingdom,New Zealand,2015,2
United Kingdom,New Zealand,2016,3
United Kingdom,New Zealand,2017,2
United Kingdom,New Zealand,2019,2
United Kingdom,New Zealand,2021,1
United Kingdom,New Zealand,2023,1
United Kingdom,New Zealand,2024,2
United Kingdom,New Zealand,2025,3
United Kingdom,Nigeria,2007,4
United Kingdom,Nigeria,2008,3
United Kingdom,Nigeria,2009,2
United Kingdom,Nigeria,2010,5
United Kingdom,Nigeria,2011,1
United Kingdom,Nigeria,2013,3
United Kingdom,Nigeria,2014,6
United Kingdom,Nigeria,2015,3
United Kingdom,Nigeria,2016,4
United Kingdom,Nigeria,2017,1
United Kingdom,Nigeria,2018,3
United Kingdom,Nigeria,2020,1
United Kingdom,Nigeria,2021,5
United Kingdom,Nigeria,2022,11
United Kingdom,Nigeria,2023,2
United Kingdom,Nigeria,2024,2
United Kingdom,Nigeria,2025,9
United Kingdom,North Korea,2023,1
United Kingdom,Norway,2007,12
United Kingdom,Norway,2008,11
United Kingdom,Norway,2009,10
United Kingdom,Norway,2010,14
United Kingdom,Norway,2011,15
United Kingdom,Norway,2012,16
United Kingdom,Norway,2013,11
United Kingdom,Norway,2014,25
United Kingdom,Norway,2015,15
United Kingdom,Norway,2016,13
United Kingdom,Norway,2017,18
United Kingdom,Norway,2018,10
United Kingdom,Norway,2019,13
United Kingdom,Norway,2020,12
United Kingdom,Norway,2021,8
United Kingdom,Norway,2022,13
United Kingdom,Norway,2023,13
United Kingdom,Norway,2024,11
United Kingdom,Norway,2025,7
United Kingdom,Not stated,2007,1
United Kingdom,Not stated,2008,5
United Kingdom,Not stated,2010,4
United Kingdom,Not stated,2011,5
United Kingdom,Not stated,2012,1
United Kingdom,Not stated,2013,2
United Kingdom,Not stated,2014,4
United Kingdom,Not stated,2015,1
United Kingdom,Not stated,2016,5
United Kingdom,Not stated,2017,4
United Kingdom,Not stated,2018,24
United Kingdom,Not stated,2019,9
United Kingdom,Not stated,2021,2
United Kingdom,Not stated,2022,20
United Kingdom,Not stated,2023,1
United Kingdom,Not stated,2024,2
United Kingdom,Not stated,2025,2
United Kingdom,Pakistan,2007,16
United Kingdom,Pakistan,2008,13
United Kingdom,Pakistan,2009,22
United Kingdom,Pakistan,2010,16
United Kingdom,Pakistan,2011,13
United Kingdom,Pakistan,2012,17
United Kingdom,Pakistan,2013,13
United Kingdom,Pakistan,2014,7
United Kingdom,Pakistan,2015,12
United Kingdom,Pakistan,2016,22
United Kingdom,Pakistan,2017,17
United Kingdom,Pakistan,2018,15
United Kingdom,Pakistan,2019,11
United Kingdom,Pakistan,2020,30
United Kingdom,Pakistan,2021,30
United Kingdom,Pakistan,2022,30
United Kingdom,Pakistan,2023,15
United Kingdom,Pakistan,2024,6
United Kingdom,Pakistan,2025,5
United Kingdom,Peru,2007,1
United Kingdom,Peru,2017,1
United Kingdom,Peru,2022,1
United Kingdom,Philippines,2007,2
United Kingdom,Philippines,2008,1
United Kingdom,Philippines,2009,2
United Kingdom,Philippines,2010,2
United Kingdom,Philippines,2011,3
United Kingdom,Philippines,2012,4
United Kingdom,Philippines,2013,1
United Kingdom,Philippines,2014,2
United Kingdom,Philippines,2015,2
United Kingdom,Philippines,2016,4
United Kingdom,Philippines,2017,2
United Kingdom,Philippines,2018,2
United Kingdom,Philippines,2019,3
United Kingdom,Philippines,2020,3
United Kingdom,Philippines,2021,3
United Kingdom,Philippines,2022,2
United Kingdom,Philippines,2023,1
United Kingdom,Poland,2007,3
United Kingdom,Poland,2008,11
United Kingdom,Poland,2009,22
United Kingdom,Poland,2010,13
United Kingdom,Poland,2011,16
United Kingdom,Poland,2012,23
United Kingdom,Poland,2013,33
United Kingdom,Poland,2014,24
United Kingdom,Poland,2015,35
United Kingdom,Poland,2016,19
United Kingdom,Poland,2017,33
United Kingdom,Poland,2018,37
United Kingdom,Poland,2019,29
United Kingdom,Poland,2020,25
United Kingdom,Poland,2021,8
United Kingdom,Poland,2022,11
United Kingdom,Poland,2023,16
United Kingdom,Poland,2024,12
United Kingdom,Poland,2025,10
United Kingdom,Portugal,2007,1
United Kingdom,Portugal,2008,2
United Kingdom,Portugal,2009,1
United Kingdom,Portugal,2010,4
United Kingdom,Portugal,2011,4
United Kingdom,Portugal,2012,2
United Kingdom,Portugal,2013,11
United Kingdom,Portugal,2014,4
United Kingdom,Portugal,2015,15
United Kingdom,Portugal,2016,7
United Kingdom,Portugal,2017,16
United Kingdom,Portugal,2018,13
United Kingdom,Portugal,2019,15
United Kingdom,Portugal,2020,18
United Kingdom,Portugal,2021,26
United Kingdom,Portugal,2022,7
United Kingdom,Portugal,2023,16
United Kingdom,Portugal,2024,14
United Kingdom,Portugal,2025,14
United Kingdom,Republic of North Macedonia,2018,1
United Kingdom,Republic of North Macedonia,2020,1
United Kingdom,Romania,2007,1
United Kingdom,Romania,2008,5
United Kingdom,Romania,2009,2
United Kingdom,Romania,2010,6
United Kingdom,Romania,2011,9
United Kingdom,Romania,2012,16
United Kingdom,Romania,2013,20
United Kingdom,Romania,2014,40
United Kingdom,Romania,2015,43
United Kingdom,Romania,2016,67
United Kingdom,Romania,2017,44
United Kingdom,Romania,2018,66
United Kingdom,Romania,2019,50
United Kingdom,Romania,2020,44
United Kingdom,Romania,2021,10
United Kingdom,Romania,2022,18
United Kingdom,Romania,2023,22
United Kingdom,Romania,2024,20
United Kingdom,Romania,2025,20
United Kingdom,Russia,2007,1
United Kingdom,Russia,2008,3
United Kingdom,Russia,2009,2
United Kingdom,Russia,2012,3
United Kingdom,Russia,2013,6
United Kingdom,Russia,2014,10
United Kingdom,Russia,2015,5
United Kingdom,Russia,2016,5
United Kingdom,Russia,2017,5
United Kingdom,Russia,2018,5
United Kingdom,Russia,2019,5
United Kingdom,Russia,2020,6
United Kingdom,Russia,2021,2
United Kingdom,Russia,2022,12
United Kingdom,Russia,2023,8
United Kingdom,Russia,2024,7
United Kingdom,Russia,2025,6
United Kingdom,Rwanda,2013,1
United Kingdom,Saint Lucia,2017,1
United Kingdom,Samoa,2015,1
United Kingdom,Serbia,2010,1
United Kingdom,Serbia,2014,2
United Kingdom,Serbia,2016,1
United Kingdom,Serbia,2018,1
United Kingdom,Serbia,2024,1
United Kingdom,Serbia and Montenegro,2012,1
United Kingdom,Singapore,2007,1
United Kingdom,Singapore,2009,1
United Kingdom,Singapore,2011,2
United Kingdom,Singapore,2016,2
United Kingdom,Singapore,2017,1
United Kingdom,Singapore,2018,2
United Kingdom,Singapore,2019,2
United Kingdom,Singapore,2021,3
United Kingdom,Singapore,2022,3
United Kingdom,Singapore,2023,1
United Kingdom,Singapore,2024,2
United Kingdom,Singapore,2025,3
United Kingdom,Slovakia,2007,1
United Kingdom,Slovakia,2009,1
United Kingdom,Slovakia,2011,1
United Kingdom,Slovakia,2012,5
United Kingdom,Slovakia,2013,7
United Kingdom,Slovakia,2014,5
United Kingdom,Slovakia,2015,3
United Kingdom,Slovakia,2016,9
United Kingdom,Slovakia,2017,8
United Kingdom,Slovakia,2018,14
United Kingdom,Slovakia,2019,13
United Kingdom,Slovakia,2020,14
United Kingdom,Slovakia,2021,1
United Kingdom,Slovakia,2022,4
United Kingdom,Slovakia,2023,2
United Kingdom,Slovakia,2024,3
United Kingdom,Slovakia,2025,2
United Kingdom,Slovenia,2013,2
United Kingdom,Slovenia,2014,1
United Kingdom,Slovenia,2015,1
United Kingdom,Slovenia,2016,1
United Kingdom,Slovenia,2017,1
United Kingdom,Slovenia,2019,3
United Kingdom,Slovenia,2020,1
United Kingdom,Slovenia,2023,1
United Kingdom,Slovenia,2025,4
United Kingdom,Somalia,2007,14
United Kingdom,Somalia,2008,8
United Kingdom,Somalia,2009,4
United Kingdom,Somalia,2010,8
United Kingdom,Somalia,2011,7
United Kingdom,Somalia,2012,3
United Kingdom,Somalia,2013,1
United Kingdom,Somalia,2014,2
United Kingdom,Somalia,2016,1
United Kingdom,Somalia,2018,1
United Kingdom,Somalia,2019,2
United Kingdom,Somalia,2020,1
United Kingdom,Somalia,2021,1
United Kingdom,Somalia,2024,2
United Kingdom,South Africa,2007,2
United Kingdom,South Africa,2008,2
United Kingdom,South Africa,2009,1
United Kingdom,South Africa,2011,7
United Kingdom,South Africa,2012,2
United Kingdom,South Africa,2013,2
United Kingdom,South Africa,2015,1
United Kingdom,South Africa,2016,1
United Kingdom,South Africa,2017,1
United Kingdom,South Africa,2018,2
United Kingdom,South Africa,2019,4
United Kingdom,South Africa,2020,6
United Kingdom,South Africa,2021,1
United Kingdom,South Africa,2023,6
United Kingdom,South Africa,2024,4
United Kingdom,South Africa,2025,7
United Kingdom,South Korea,2008,1
United Kingdom,South Korea,2010,3
United Kingdom,South Korea,2014,2
United Kingdom,South Korea,2015,4
United Kingdom,South Korea,2016,2
United Kingdom,South Korea,2017,2
United Kingdom,South Korea,2018,4
United Kingdom,South Korea,2019,4
United Kingdom,South Korea,2021,2
United Kingdom,South Korea,2022,1
United Kingdom,South Korea,2023,4
United Kingdom,South Korea,2024,1
United Kingdom,South Korea,2025,1
United Kingdom,Soviet Union,2010,1
United Kingdom,Spain,2007,4
United Kingdom,Spain,2008,2
United Kingdom,Spain,2009,7
United Kingdom,Spain,2010,7
United Kingdom,Spain,2011,10
United Kingdom,Spain,2012,11
United Kingdom,Spain,2013,16
United Kingdom,Spain,2014,6
United Kingdom,Spain,2015,25
United Kingdom,Spain,2016,31
United Kingdom,Spain,2017,26
United Kingdom,Spain,2018,29
United Kingdom,Spain,2019,26
United Kingdom,Spain,2020,20
United Kingdom,Spain,2021,9
United Kingdom,Spain,2022,21
United Kingdom,Spain,2023,21
United Kingdom,Spain,2024,15
United Kingdom,Spain,2025,13
United Kingdom,Sri Lanka,2007,9
United Kingdom,Sri Lanka,2008,11
United Kingdom,Sri Lanka,2009,4
United Kingdom,Sri Lanka,2010,2
United Kingdom,Sri Lanka,2011,2
United Kingdom,Sri Lanka,2013,2
United Kingdom,Sri Lanka,2014,7
United Kingdom,Sri Lanka,2016,1
United Kingdom,Sri Lanka,2017,2
United Kingdom,Sri Lanka,2021,5
United Kingdom,Sri Lanka,2023,2
United Kingdom,Sri Lanka,2024,3
United Kingdom,Stateless,2014,1
United Kingdom,Stateless,2018,3
United Kingdom,Stateless,2019,1
United Kingdom,Stateless,2023,3
United Kingdom,Stateless,2025,1
United Kingdom,Sudan,2009,1
United Kingdom,Sudan,2010,1
United Kingdom,Sudan,2016,1
United Kingdom,Sudan,2018,1
United Kingdom,Sudan,2019,1
United Kingdom,Sudan,2020,1
United Kingdom,Sweden,2007,17
United Kingdom,Sweden,2008,20
United Kingdom,Sweden,2009,20
United Kingdom,Sweden,2010,26
United Kingdom,Sweden,2011,24
United Kingdom,Sweden,2012,20
United Kingdom,Sweden,2013,20
United Kingdom,Sweden,2014,26
United Kingdom,Sweden,2015,27
United Kingdom,Sweden,2016,21
United Kingdom,Sweden,2017,30
United Kingdom,Sweden,2018,21
United Kingdom,Sweden,2019,33
United Kingdom,Sweden,2020,27
United Kingdom,Sweden,2021,29
United Kingdom,Sweden,2022,26
United Kingdom,Sweden,2023,22
United Kingdom,Sweden,2024,14
United Kingdom,Sweden,2025,18
United Kingdom,Switzerland,2007,1
United Kingdom,Switzerland,2008,2
United Kingdom,Switzerland,2009,2
United Kingdom,Switzerland,2010,1
United Kingdom,Switzerland,2013,3
United Kingdom,Switzerland,2014,3
United Kingdom,Switzerland,2015,8
United Kingdom,Switzerland,2016,2
United Kingdom,Switzerland,2017,4
United Kingdom,Switzerland,2018,3
United Kingdom,Switzerland,2019,1
United Kingdom,Switzerland,2020,2
United Kingdom,Switzerland,2021,2
United Kingdom,Switzerland,2022,6
United Kingdom,Switzerland,2023,3
United Kingdom,Switzerland,2024,2
United Kingdom,Switzerland,2025,1
United Kingdom,Syria,2014,2
United Kingdom,Syria,2015,6
United Kingdom,Syria,2016,4
United Kingdom,Syria,2017,5
United Kingdom,Syria,2018,11
United Kingdom,Syria,2019,5
United Kingdom,Syria,2020,10
United Kingdom,Syria,2021,21
United Kingdom,Syria,2022,22
United Kingdom,Syria,2023,22
United Kingdom,Syria,2024,2
United Kingdom,Syria,2025,5
United Kingdom,Taiwan,2013,1
United Kingdom,Taiwan,2015,3
United Kingdom,Taiwan,2016,3
United Kingdom,Taiwan,2019,1
United Kingdom,Taiwan,2023,1
United Kingdom,Taiwan,2024,1
United Kingdom,Tanzania,2008,1
United Kingdom,Tanzania,2009,1
United Kingdom,Tanzania,2010,1
United Kingdom,Tanzania,2014,1
United Kingdom,Tanzania,2016,1
United Kingdom,Thailand,2007,2
United Kingdom,Thailand,2008,1
United Kingdom,Thailand,2009,1
United Kingdom,Thailand,2010,3
United Kingdom,Thailand,2012,1
United Kingdom,Thailand,2014,3
United Kingdom,Thailand,2018,1
United Kingdom,Thailand,2019,1
United Kingdom,Thailand,2020,1
United Kingdom,Thailand,2021,2
United Kingdom,Thailand,2023,1
United Kingdom,Thailand,2024,1
United Kingdom,Togo,2008,1
United Kingdom,Trinidad and Tobago,2011,1
United Kingdom,Trinidad and Tobago,2014,1
United Kingdom,Trinidad and Tobago,2017,1
United Kingdom,Turkey,2007,1
United Kingdom,Turkey,2009,1
United Kingdom,Turkey,2010,4
United Kingdom,Turkey,2011,1
United Kingdom,Turkey,2012,1
United Kingdom,Turkey,2013,3
United Kingdom,Turkey,2014,1
United Kingdom,Turkey,2015,3
United Kingdom,Turkey,2017,3
United Kingdom,Turkey,2018,8
United Kingdom,Turkey,2019,5
United Kingdom,Turkey,2020,2
United Kingdom,Turkey,2021,4
United Kingdom,Turkey,2022,8
United Kingdom,Turkey,2023,3
United Kingdom,Turkey,2024,1
United Kingdom,Turkey,2025,8
United Kingdom,Turkmenistan,2012,1
United Kingdom,USA,2007,8
United Kingdom,USA,2008,24
United Kingdom,USA,2009,27
United Kingdom,USA,2010,17
United Kingdom,USA,2011,11
United Kingdom,USA,2012,10
United Kingdom,USA,2013,14
United Kingdom,USA,2014,21
United Kingdom,USA,2015,18
United Kingdom,USA,2016,22
United Kingdom,USA,2017,17
United Kingdom,USA,2018,18
United Kingdom,USA,2019,22
United Kingdom,USA,2020,19
United Kingdom,USA,2021,17
United Kingdom,USA,2022,24
United Kingdom,USA,2023,19
United Kingdom,USA,2024,23
United Kingdom,USA,2025,11
United Kingdom,Uganda,2014,1
United Kingdom,Uganda,2017,1
United Kingdom,Uganda,2023,1
United Kingdom,Ukraine,2007,1
United Kingdom,Ukraine,2008,1
United Kingdom,Ukraine,2009,1
United Kingdom,Ukraine,2010,8
United Kingdom,Ukraine,2011,9
United Kingdom,Ukraine,2012,1
United Kingdom,Ukraine,2013,3
United Kingdom,Ukraine,2014,2
United Kingdom,Ukraine,2015,1
United Kingdom,Ukraine,2017,4
United Kingdom,Ukraine,2018,3
United Kingdom,Ukraine,2019,6
United Kingdom,Ukraine,2020,3
United Kingdom,Ukraine,2021,1
United Kingdom,Ukraine,2022,37
United Kingdom,Ukraine,2023,23
United Kingdom,Ukraine,2024,9
United Kingdom,Ukraine,2025,4
United Kingdom,United Kingdom,2007,289
United Kingdom,United Kingdom,2008,442
United Kingdom,United Kingdom,2009,504
United Kingdom,United Kingdom,2010,508
United Kingdom,United Kingdom,2011,463
United Kingdom,United Kingdom,2012,449
United Kingdom,United Kingdom,2013,575
United Kingdom,United Kingdom,2014,618
United Kingdom,United Kingdom,2015,630
United Kingdom,United Kingdom,2016,684
United Kingdom,United Kingdom,2017,691
United Kingdom,United Kingdom,2018,741
United Kingdom,United Kingdom,2019,826
United Kingdom,United Kingdom,2020,670
United Kingdom,United Kingdom,2021,496
United Kingdom,United Kingdom,2022,582
United Kingdom,United Kingdom,2023,618
United Kingdom,United Kingdom,2024,600
United Kingdom,United Kingdom,2025,588
United Kingdom,Uruguay,2018,2
United Kingdom,Uzbekistan,2007,1
United Kingdom,Uzbekistan,2008,1
United Kingdom,Uzbekistan,2016,2
United Kingdom,Uzbekistan,2022,1
United Kingdom,Uzbekistan,2025,1
United Kingdom,Venezuela,2009,1
United Kingdom,Venezuela,2010,2
United Kingdom,Venezuela,2011,3
United Kingdom,Venezuela,2014,1
United Kingdom,Venezuela,2018,1
United Kingdom,Venezuela,2019,1
United Kingdom,Venezuela,2020,2
United Kingdom,Vietnam,2010,2
United Kingdom,Vietnam,2012,1
United Kingdom,Vietnam,2013,4
United Kingdom,Vietnam,2014,1
United Kingdom,Vietnam,2015,3
United Kingdom,Vietnam,2017,1
United Kingdom,Vietnam,2018,3
United Kingdom,Vietnam,2022,2
United Kingdom,Vietnam,2023,2
United Kingdom,Yemen,2008,1
United Kingdom,Yugoslavia,2007,1
United Kingdom,Yugoslavia,2012,1
United Kingdom,Yugoslavia,2016,1
United Kingdom,Zambia,2008,1
United Kingdom,Zambia,2024,2
United Kingdom,Zimbabwe,2007,1
United Kingdom,Zimbabwe,2010,1
United Kingdom,Zimbabwe,2015,1
United Kingdom,Zimbabwe,2017,1
United Kingdom,Zimbabwe,2023,1
